-- phpMyAdmin SQL Dump
-- version 5.2.0
-- https://www.phpmyadmin.net/
--
-- Host: 127.0.0.1
-- Generation Time: Apr 17, 2023 at 02:54 PM
-- Server version: 10.4.27-MariaDB
-- PHP Version: 8.2.0

SET SQL_MODE = "NO_AUTO_VALUE_ON_ZERO";
START TRANSACTION;
SET time_zone = "+00:00";


/*!40101 SET @OLD_CHARACTER_SET_CLIENT=@@CHARACTER_SET_CLIENT */;
/*!40101 SET @OLD_CHARACTER_SET_RESULTS=@@CHARACTER_SET_RESULTS */;
/*!40101 SET @OLD_COLLATION_CONNECTION=@@COLLATION_CONNECTION */;
/*!40101 SET NAMES utf8mb4 */;

--
-- Database: `story`
--

-- --------------------------------------------------------

--
-- Table structure for table `category`
--

CREATE TABLE `category` (
  `cat_id` int(11) NOT NULL,
  `cat_title` text NOT NULL
) ENGINE=InnoDB DEFAULT CHARSET=utf8 COLLATE=utf8_general_ci;

--
-- Dumping data for table `category`
--

INSERT INTO `category` (`cat_id`, `cat_title`) VALUES
(1, 'ছোট গল্প'),
(2, 'বৈজ্ঞানিক কল্পকাহিনি\r\n');

-- --------------------------------------------------------

--
-- Table structure for table `comments`
--

CREATE TABLE `comments` (
  `comment_id` int(11) NOT NULL,
  `comment_post_id` int(11) NOT NULL,
  `comment_user_id` int(11) NOT NULL,
  `comment_user_name` text NOT NULL,
  `comment_user_image` text NOT NULL,
  `comment` text NOT NULL,
  `date` datetime NOT NULL DEFAULT current_timestamp()
) ENGINE=InnoDB DEFAULT CHARSET=utf8 COLLATE=utf8_general_ci;

--
-- Dumping data for table `comments`
--

INSERT INTO `comments` (`comment_id`, `comment_post_id`, `comment_user_id`, `comment_user_name`, `comment_user_image`, `comment`, `date`) VALUES
(1, 24, 4, 'হাসান  খান', '<svg xmlns=\"http://www.w3.org/2000/svg\" width=\"16\" height=\"16\" fill=\"currentColor\" class=\"bi bi-person-circle\" viewBox=\"0 0 16 16\">   <path d=\"M11 6a3 3 0 1 1-6 0 3 3 0 0 1 6 0z\"/>   <path fill-rule=\"evenodd\" d=\"M0 8a8 8 0 1 1 16 0A8 8 0 0 1 0 8zm8-7a7 7 0 0 0-5.468 11.37C3.242 11.226 4.805 10 8 10s4.757 1.225 5.468 2.37A7 7 0 0 0 8 1z\"/> </svg>', 'ভাল গল্প।', '2023-04-17 13:24:58'),
(8, 24, 4, 'হাসান  খান', '', 'উপকারী', '2023-04-17 13:24:58'),
(9, 22, 0, ' ', '', 'ভাল লাগছে', '2023-04-17 18:06:51');

-- --------------------------------------------------------

--
-- Table structure for table `posts`
--

CREATE TABLE `posts` (
  `post_id` int(11) NOT NULL,
  `post_category_id` int(255) NOT NULL,
  `post_title` text NOT NULL,
  `post_content` longtext NOT NULL,
  `post_author` text NOT NULL,
  `post_date` datetime NOT NULL,
  `post_image` text NOT NULL,
  `post_status` text NOT NULL,
  `post_tags` text NOT NULL,
  `post_views` int(11) NOT NULL,
  `post_user_id` int(11) NOT NULL
) ENGINE=InnoDB DEFAULT CHARSET=utf8 COLLATE=utf8_general_ci;

--
-- Dumping data for table `posts`
--

INSERT INTO `posts` (`post_id`, `post_category_id`, `post_title`, `post_content`, `post_author`, `post_date`, `post_image`, `post_status`, `post_tags`, `post_views`, `post_user_id`) VALUES
(9, 1, 'উকিলের বুদ্ধি', 'গরিব চাষা, তার নামে মহাজন নালিশ করেছে। বেচারা কবে তার কাছে ২৫ টাকা নিয়েছিল, সুদে-আসলে তা এখন ৫০০ টাকায় দাঁড়িয়েছে। চাষা অনেক কষ্টে ১০০ টাকা জোগাড় করেছে; কিন্তু মহাজন বলছে, ‌\'৫০০ টাকার এক পয়সাও কম নয়; দিতে না পারো তো জেলে যাও।\' সুতরাং চাষার আর রক্ষা নাই।\r\n\r\nএমন সময় শামলা মাথায় চশমা চোখে তুখোড় বুদ্ধি উকিল এসে বললেন, \'ওই ১০০ টাকা আমায় দিলে, তোমার বাঁচবার উপায় করতে পারি।\'\r\n\r\nচাষা তার হাতে ধরল, পায়ে ধরল, বলল, ‌\'আমায় বাঁচিয়ে দিন।\'\r\n\r\nউকিল বললেন, \"তবে শোন, আমার ফন্দি বলি। যখন আদালতের কাঠগড়ায় গিয়ে দাঁড়াবে, তখন বাপু হে কথাটথা কয়ো না। যে যা খুশি বলুক, গাল দিক আর প্রশ্ন করুক, তুমি তার জবাবটি দেবে না- খালি পাঁঠার মতো \'ব্যা- \' করবে। তা যদি করতে পারো, তা হলে আমি তোমায় খালাস করিয়ে দেব।\"\r\n\r\nচাষা বলল, \'আপনি কর্তা যা বলেন, তাতেই আমই রাজি।\'\r\n\r\nআদালতে মহাজনের মস্ত উকিল, চাষাকে এক ধমক দিয়ে জিজ্ঞাসা করলেন, \'তুমি সাত বছর আগে ২৫ টাকা কর্জ নিয়েছিলে?\'\r\n\r\nচাষা তার মুখের দিকে চেয়ে বলল, \'ব্যা- \'।\r\n\r\nউকিল বললেন, \'খবরদার!- বল, নিয়েছিলি কি না।\'\r\n\r\nচাষা বলল, \'ব্যা- \'।\r\n\r\nউকিল বললেন, \'হুজুর! আসামির বেয়াদবি দেখুন।\'\r\n\r\nহাকিম রেগে বললেন, \'ফের যদি অমনি করিস, তোকে আমই ফাটক দেব।\'\r\n\r\nচাষা অত্যন্ত ভয় পেয়ে কাঁদ কাঁদ হয়ে বলল, \'ব্যা- ব্যা- \'।\r\n\r\nহাকিম বললেন, \'লোকটা কি পাগল নাকি?\'\r\n\r\nতখন চাষার উকিল উঠে বললেন, \"হুজুর, ও কি আজকের পাগল- ও বহুকালের পাগল, জন্ম-অবধি পাগল। ওর কি কোনো বুদ্ধি আছে, না কাণ্ডজ্ঞান আছে? ও আবার কর্জ নেবে কি! ও কি কখনও খত লিখতে পারে নাকি? আর পাগলের খত লিখলেই বা কী? দেখুন দেখুন, এই হতভাগা মহাজনটার কাণ্ড দেখুন তো! ইচ্ছে করে জেনেশুনে পাগলটাকে ঠকিয়ে নেওয়ার মতলব করেছে। আরে, ওর কি মাথার ঠিক আছে? এরা বলেছে, \'এইখানে একটা আঙ্গুলের টিপ দে\'- পাগল কি জানে, সে অমনি টিপ দিয়েছে। এই তো ব্যাপার!\"\r\n\r\nদুই উকিলে ঝগড়া বেধে গেল।\r\n\r\nহাকিম খানিক শুনেটুনে বললেন, \'মোকদ্দমা ডিসমিস্।\'\r\n\r\nমহাজনের তো চক্ষুস্থির। সে আদালতের বাইরে এসে চাষাকে বললেন, \'আচ্ছা, না হয় তোর ৪০০ টাকা ছেড়েই দিলাম- ওই ১০০ টাকাই দে।\'\r\n\r\nচাষা বলল, \'ব্যা-!\'\r\n\r\nমহাজন যতই বলেন, যতই বোঝান, চাষা তার পাঁঠার বুলি কিছুতেই ছাড়ে না। মহাজন রেগেমেগে বলে গেল, \'দেখে নেব, আমার টাকা তুই কেমন করে হজম করিস।\'\r\n\r\nচাষা তার পোঁটলা নিয়ে গ্রামে ফিরতে চলেছে, এমন সময় তার উকিল এসে ধরল, \'যাচ্ছ কোথায় বাপু? আমার পাওনাটা আগে চুকিয়ে যাও। ১০০ টাকায় রফা হয়েছিল, এখন মোকদ্দমা তো জিতিয়ে দিলাম।\'\r\n\r\nচাষা অবাক হয়ে তার মুখের দিকে তাকিয়ে বলল, \'ব্যা-।\'\r\n\r\nউকিল বললেন, \'বাপু হে, ওসব চালাকি খাটবে না- টাকাটি এখন বের করো।\'\r\n\r\nচাষা বোকার মতো মুখ করে আবার বলল, \'ব্যা-।\'\r\n\r\nউকিল তাকে নরম গরম অনেক কথাই শোনাল, কিন্তু চাষার মুখে কেবলই ঐ এক জবাব! তখন উকিল বলল, \'হতভাগা গোমুখ্যু পাড়া গেঁয়ে ভূত- তোর পেটে অ্যাতো শয়তানি, কে জানে! আগে যদি জানতাম তা হলে পোঁটলাসুদ্ধ টাকাগুলো আটকে রাখতাম।\'\r\n\r\nবুদ্ধিমান উকিলের আর দক্ষিণা পাওয়া হলো না।', 'তারিকুল ইসলাম', '2023-04-12 14:04:08', 'cover.jpg', 'published', 'ছোট', 0, 0),
(21, 1, 'এক দিন থানায়', 'এক লোককে থানায় ধরে আনা হলো।\r\n\r\nওসি: আপনাকে আজ রাতে থানায় থাকতে হবে।\r\n\r\nভদ্রলোক: চার্জ কী?\r\n\r\nওসি: কোনো চার্জ দিতে হবে না, ফ্রি।', 'হাসান  খান', '2023-04-13 15:43:51', 'Jokes.jpg', 'published', 'ছোট, রুপকথার গল্প', 0, 4),
(22, 1, 'স্মাইল ও ইসমাইল', 'এক ফটো সাংবাদিক রাস্তায় বাচ্চাদের ছবি তুলছেন। সবাইকে একসঙ্গে বসিয়ে বললেন, স্মাইল।\r\n\r\nইসমাইল: জি স্যার?\r\n\r\nসাংবাদিক: আরে তুমি দাঁড়াচ্ছ কেন? বসো।\r\n\r\nইসমাইল: ঠিক আছে।\r\n\r\nসাংবাদিক: ওকে রেডি, স্মাইল।\r\n\r\nইসমাইল: ডাকলেন কেন স্যার?\r\n\r\nসাংবাদিক: আরে বাবা তোমার সমস্যাটা কী? স্মাইল বললেই দাঁড়িয়ে যাচ্ছ কেন?\r\n\r\nইসমাইল: আমি তো বসেই আছি। আপনি আমার নাম ধরে ডাকেন বলেই দাঁড়িয়ে যাই।', 'হাসান  খান', '2023-04-13 16:34:17', 'Jokes_1.jpg', 'published', 'ছোট, রুপকথার গল্প', 0, 4),
(23, 1, 'বাবা-মেয়ে', 'মেয়ে: আলুর তরকারিটার স্বাদ কেমন হয়েছে?\r\n\r\nবাবা: দারুণ স্বাদ হয়েছে। তুই রান্না করেছিস নাকি?\r\n\r\nমেয়ে: না, আলু আমি ছিলেছি।', 'হাসান  খান', '2023-04-13 16:38:49', 'Jokes (1).jpg', 'published', 'ছোট, রুপকথার গল্প', 0, 4),
(24, 2, 'তিন_দশমিক_তিন_তিন', '(এক)\r\n\r\n-\r\n\r\nসাকিনের যতখানি মনে আছে সে ঘুমিয়েছিলো ১২ টার দিকে তার মানে সে ঘুমিয়েছে ৩ ঘন্টা ৩৩ মিনিট।হাতের ঘড়িতো তাই বলছে।সাকিন অবাক হলো,আজ তিন দিন জাবোত তার ঘুম প্রতি নিয়তোই ৩ টা বেজে ৩৩ মিনিটে ভাঙছে।ব্যপারটা ধোয়াসা লাগে সাকিনের কাছে।\r\n\r\n(দুই)\r\n\r\n-\r\n\r\nবিকালে একটু না হাটলে সাকিনের মাথা ব্যথা করে,বন্ধু সিহাবকে ফোন দিলে কেমন হয়?ওর সাথেই একটু হেটে আসলে মন্দ কি?\r\n\r\nকিরে সিহাব কই তুই?\r\n\r\nআমি বাসায়,কেনো?\r\n\r\nএকটু হাটতে জেতাম,বাসার সামনে চলে আয়।আরো কিছু কথা বলে ফোন রাখে সিহাব।মোবাইলের দিকে তাকিয়ে সাকিনের একটু খটকা লাগতে থাকে। সিহাবের সাথে তার কথা হয়েছে ৩মিনিট ৩৩ সেকেন্ড আর টাকা কেটেছে ৩ টাকা৩৩ পয়সা সাকিন ভয় পাবে নাকি অবাক হবে বুজতে পারছেনা।কি হচ্ছে তার সাথে?সে ছোট থেকেই সাইন্টিফিক একটা ছেলে।তবে অতি প্রাকিতিক কিছু যে দুনিয়ায় বিদ্যমান তাও বিস্বাস করে সে।যেমন সেদিন রাতে ঘুমাচ্ছে সাকিন,রাতে ২ কি ৩ টা হবে,তার মনে হচ্ছে কে জানি মাথায় হাত বুলিয়ে দিচ্ছে তার।উঠে বসে সাকিন,কই কোথাও তো কেউ নেই।হঠাৎ মনে হল ধপ ধপ পায়ে কে জেনো হেটে গেলো তার পাস দিয়ে।চেয়ারটা কে জেনো খর খর করে টেনে নিয়ে জাচ্ছে।সাকিনের কপাল গামতে থাকে।একটা কালো ছায়া ছুটে গেল তার পায়ের কাছ থেকে।তার ঘরটা টিন সেট।তাই হাতের টোকার আওয়াজ টা প্রকট ভাবে কানে ভেসে আসতে থাকে তার।অন্য যে কেউ হলে ভয়ে কুকরিয়ে জেতো।কিন্তু সাকিন সান্টিফিক ভাবে ভাবতে থাকে।\r\n\r\n,,,,,সেদিন রাতের সাইন্টিফিক ব্যাখ্যা,,,,,\r\n\r\nসাকিনের ঘরটা যেহেতু টিনের আর রাতে সব শুনশান থাকার কারনে সামান্য শব্দও প্রকট মনে হয়।অনেক জোড়ে কোন পোকা বা মাছি টিনের সাথে ধাক্কা খাওয়ায় সেটাই মনে হয় কারো হাতের টোকা।চেয়ার খর খর ব্যপারটা হল সাকিন চোরের ভয়ে তার জানালার পাসে চেয়ার দিয়ে রাখে,সেইটা পিছলিয়ে আসার কারনে মনে হয় চেয়ার কেউ টানছে আর খর খর আওয়াজ হচ্ছে।সাকিনের মাথার কাছের টিনে কিছুটা ফাকা ছিলো আর ওই দিন আকাসে মেঘ না থাকায় চাদের আলো ছিল বেস।পাসের গাছ থেকে বিড়াল বা ইদুর নামার সময় চাদের আলো তার গায়ে পড়ে,তার ছায়া টিনের ফাক দিয়ে ঘরে চলে আসে আর মনে হয় কি জেনো পায়ের কাছ থেকে ছুটে গেলো।আর সেই দিন রাতে সাকিন খুব পাওয়ারফুল একটা ওষুধ খায়।ডাঃ বার বার করে বলে দিয়েছিলেন খাবারের ২০ মিনিট পড়ে অব্যশই যাতে কিছু খেয়ে নেয়।কিন্তু সাকিন ওই দিন না খেয়ে শুয়ে পড়ে।যার প্রতিক্রিয়ায় সাকিনের নিজের হাত পা নিজে থেকেই কাজ করছিলো।সাকিনের নিজের হাত নিজে থেকেই মাথায় চলে যায় আর সাকিন ভাবে কে জেনো মাথায় হাত বুলাচ্ছে তার।সব কিছুর সমাধান করে খুব ভালো লাগছে সাকিনের।গ্লাস থেকে পানি খেয়ে ঘড়িতে তাকিয়ে দেখে ৩.৩৩ বাজে,তারপর ঘুমিয়ে যায় সাকিন।সে দিনের পর থেকেই সাকিনের জীবনের পাশে লেগে যায় ৩.৩৩। সব কিছুর ব্যাখ্যা পেলেও এই ৩.৩৩ র ব্যাখ্যা পাচ্ছে না সাকিন।\r\n\r\n(তিন)\r\n\r\n-\r\n\r\nসাকিন ৩ টায় এসেছে আর তার ছাএ আসলো পাক্কা ৩৩ মিনিট পরে।রাকিব পড়ে ক্লাস 3 তে।সাকিন ৩ মাস যাবোত তাকে পড়াচ্ছে।আজি এমন হল ৩৩ মিনিট তাকে বসে থাকতে হলো।রাকিব নাকি বাজারে গিয়েছিল আসতে একটু লেইট হয়ে গেছে তাই।সব ঠিক আছে কিন্তু রাকিব ঝখন আসলো সাকিনের হাতের ঘড়িতে তখন ৩.৩৩।রাকিব এক মিনিট আগে বা পড়ে আসতে পারলো না?সাকিন এর হিসাব মিলাতে পারছে না কোনভাবেই।\r\n\r\n(চার)\r\n\r\n-\r\n\r\nসাকিনের পরিচিত এলাকার এক ছোট ভাই আছে।সাকিনের মুখে সব শুনার পরে সে বল্লো ভাই আপনার উপর তিনাদের নজর আছে।আমার পরিচিত এক বাবা আছে তার কাছে গেলে সব খালাস ভাই।সাকিনের আগে এ সব শুনলে হাসি পেলেও আজ শুনে খারাপ লাগছে না।ওই দিন বিকালেই ছোট ভাইকে সাথে করে চলে জায় বাবার কাছে। বাবার কথা শুনে আরো ভয় লাগে তার।\r\n\r\n        ,,,,,,,, বাবার ভাষ্য মতে,,,,,,,,\r\n\r\n৩ টা বদ জিন ৩৩ টা পরী ধরছে বাজান আপনারে।এর লাইজ্ঞা ৩ লিটার দুধ,৩৩ টা কালা মুরগী,৩ টা নদির,৩৩ লিটার পানি,৩ টা মাটির রাস্তার ৩৩ জায়গায় ৩ হাত গারা কইরা ৩৩ বার ৩৩ রকমের মন্র পইরা এই পানি ৩৩ ফোটা কইরা দিতে হইবো।এই কাম করতে হইবো টানা ৩৩ দিন।আর বাবা আমারে ৩৩৩ টা টাকা দিতে হইবো।কারন ৩৩ রকমের সুতা আপনারে দিমু ঘড়ের ৩৩ জায়গায় বাইন্দা রাকবেন। \r\n\r\nএই কথা শোনার পরে সাকিনের জেইটা সবচাইতে বেশি করতে মন চাইছে তা হল ৩ কোলালিটির, ৩৩ টা গালি দিতে।\r\n\r\nবাবার পায়ে প্রনাম দিয়ে বাসায় চলে আসে সাকিন।না বাবায় কাজ হবে না।\r\n\r\n(পাচ)\r\n\r\n-\r\n\r\nসাকিনের আজ H.S.C রেজাল্ট দিবে।দেশের সুনামধন্য একটা কলেজ থেকে পরীহ্মা দিয়েছে সে।গত বার ১৩৩ জন পরীহ্মারথী থেকে ১০০ জন A+ আর  বাকিরা গড়ে 4.70 এর উপরে পেয়েছে।\r\n\r\nরাকিবের গোল্ডেন মিস হলেও A+ কোনভাবেই মিস হবে না।কিন্তু সে জানে সে পাবে ৩.৩৩ এইটার তার নিয়তি।\r\n\r\n(ছয়)\r\n\r\n-\r\n\r\nসাকিন রেজাল্ট নিতে কলেজে এসেছে।\r\n\r\nরেজাল্ট দেয়ালে টানিয়ে দেয়া হয়েছে সবাই লাইন ধরে দেখছে।সাকিনের পিছনে থাকা ছেলেটা সাকিনকে বল্লো মামা দেখতো আমি কয় জনের পিছনে।\r\n\r\nসাকিন না গুনেই বলে দিল ৩৩ জন।ছেলেটা আবার গুনে বল্লো বাহ,আগেই গুনে রেখেছিস।সাকিন মনে মনে হাসে।কারন সে জানে তার সাথে ৩ বা ৩৩ ছাড়া আর কিছু হবে না।\r\n\r\n(সাত)\r\n\r\n-\r\n\r\nসাকিন পেয়েছে ৪.৩২।না ভাগ্য ভালো তার।তার মানে ৩.৩৩ তার পিছু ছেড়েছে দেখা জায়।A+ না পেয়ে ৪.৩২ পেয়ে মনে হয় সাকিন আরো বেসি খুসি হয়েছে।সবার সাথে কথা বলে যখন সাকিন বাসায় আসে তখন ঘড়িতে ৭.০২ বাজে।সাকিনের খুশিতে লাফিয়ে উঠে।বাসায় যে সবাই খুসি হয়নি তা না।মা বাবা ভাই সবাই খুশি।রাতের খাবার সেশ করে বিছানায় শুয়েছে সাকিন।কখন চোখ লেগেছে খেয়াল নেই তার।বাজে সপ্নে ঘুম ভাংলো তার।ঘড়িতে মনে হয় ৩.৩৩ বাজে।কিন্তু না ২.৫২ বাজে।হাফ ছেড়ে বাচলো সাকিন।হঠাৎ কি জানি মনে করে তাড়াতাড়ি খাতা কলম নিয়ে কিসের একটা হিসেব মিলাতে বসে\r\n\r\nযায় সে।\r\n\r\n        তার ভয়       :৩.৩৩(৩+৩+৩)=৯\r\n\r\n       রেজাল্ট         :৪.৩২(৪+৩+২)=৯\r\n\r\n      বাসায় আসে  :৭.০২(৭+০+২) = ৯\r\n\r\n       ঘুম ভাংলো   :২.৫২(২+৫+২)=৯\r\n\r\n   তার মানে,,,,,,,,,,,,(৯+৯+৯+৯)=৩৬\r\n\r\nআজ মাসের ৫ তারিখ। গত মাস ছিল আগস্ট মানে ৩১ শে মাস।গত মাসের ১ তারিখ থেকে তার সাথে এই জামেলা\r\n\r\nমানে (৩১+৫)= ৩৬ দিন ধরে।সাকিন কি একটু বেসিই ভাবছে নাকি ভাবনা গুলো তার সামনে চলে আসছে,বুজেউঠে পারছে না সাকিন।ভয়ে কপালে গাম জমতে থাকে। ভয়ে ভয়ে দেয়ালের ঘড়ির দিকে তাকায় সাকিন।যা দেখার জন্য প্রস্তুত ছিল না,তাই দেখলো সে এখন রাত ৩.৩৩।\r\n\r\nহঠাৎ মনে হলো কে জেনো ভারি পায়ে হেটে যাচ্ছে সাকিনের পাস দিয়ে,চেয়ারটা আজ ভালোভাবেই ছিল তার পরেও খর খর করে কেউ টেনে নিয়ে যাচ্ছে সাকিনের চোখের সামনে।আকাসে আজ গাড়ো মেঘ থাকার কারনে চাদের আলো দেখা জাচ্ছে না কিন্তু কালো একটা ছায়া ছুটে গেল সাকিনের পাস দিয়ে।মাথার কাছে কারো উপস্থিতি টের পাচ্ছে সাকিন।কিন্তু ভয়ে মাথা ঘুড়াতে পারছে না।আজ কি ভাবে সাইন্টিফিক ব্যাখ্যা দিবে, ভেবে পাচ্ছে না সে।', 'হাসান  খান', '2023-04-17 14:06:16', 'a.jpg', 'published', 'ছোট, রুপকথা, বিজ্ঞান', 0, 4),
(25, 2, 'হাসি', 'দু\'দিন পরেই কোরবাণীর ঈদ। মামাকে কোথাও খুজে পাওয়া যাচ্ছে না। এমন নয় যে মামাকে ছাড়া ঈদ পিছিয়ে যাবে। তবে ছোট বেলার অভিজ্ঞতাটা ( গরু-ছাগল পালনের ফলে এ প্রাণীগুলোর ভালমন্দ বুঝায়) কাজে লাগবে তাই খোজা। এখন মামার অবস্থা রমরমা। সাতচলি্লশ হাজার টাকায় সিটিসেল এর একটা সেলুলার ফোন কিনেছেন মামা। সমস্যা হলো এটা আবার ঢাকা শহরের বাইরে কোথাও কাজ করে না। আর নম্বরটাও একেবারে যাকে বলে সোনায় সোহাগা ০১১৪২০৪২০।\r\n\r\nকিযে করি কিছুই ভাল লাগছে না। সব গরু-ছাগলগুলো মানুষ কিনে নিয়ে যাচ্ছে। আল্লাহ না করেন আমাদের ভাগ্যে শুধু গরুছাগলের গলার দড়িই না থেকে যায়!\r\n', 'তারিকুল ইসলাম', '2023-04-17 15:03:07', 'issue_11_2012.jpg', 'published', 'ছোট, রুপকথার গল্প', 0, 1),
(26, 2, 'মুখোমুখি', 'মুখোমুখি\r\nপ্রকাশিত হয়েছে : ডিসেম্বর 7, 2019\r\nগল্প লিখেছেন : মুহম্মদ জাফর ইকবাল\r\nমুখোমুখি\r\nআমি আর জিগি সাবধানে দরজা খুলে বের হয়ে এলাম। মাথার ওপরে কপোট্রনের ইন্টাফেসটা বসাতে বেশ কষ্ট হয়েছে। সত্যিকারের সাইবর্গের মাথার চুলগুলো ইলেকট্রোলাইসিস করে তুলে ফেলা হয়। করোটিতে ইন্টারফেসটা ক্রু দিয়ে আটকানো হয়–আমাদের সেরকম কিছু নেই বলে যে কোনো মুহূর্তে পুরোটা খুলে পড়ে যাবার একটা আশঙ্কা আছে। হাঁটতে হচ্ছে সাবধানে, এক হিসেবে ব্যাপারটি মন্দ নয় কারণ তার ফলে আমাদের দেখাচ্ছে সত্যিকারের সাইবর্গের মতো।\r\n\r\nপ্রথম কিছুক্ষণ আমরা ধরা পড়ে যাব সেরকম একটা আশঙ্কা আমাদের ভেতর কাজ করছিল। কিছুক্ষণের মাঝেই অবিশ্যি বুঝে গেলাম কেউ কিছু সন্দেহ করছে না। আমরা চোখে–মুখে সাইবর্গীয় একটা উদভ্রান্ত দৃষ্টি ফুটিয়ে হেঁটে যেতে থাকি। করিডরের এক মাথায় একটি লিফট। অন্যপাশে বিচিত্র একটি মহাকাশযান, তার ভেতরে কিছু কাজকর্ম করা হচ্ছে। আমি আর জিগি কাছাকাছি এসে দেখতে পেলাম বড় একটি গোলাকার মঞ্চের মতো জায়গা, সেখানে পাশাপাশি দুটি আসন, আসনগুলো খালি যারা এখানে বসবে তারা এখনো এসে পৌঁছায় নি।\r\n\r\nকিছুক্ষণের মাঝেই অবিশ্যি তারা পৌঁছে গেল। নুরিগাকে তার খাঁচার ভেতরে করে এনেছে, সে খাঁচার গারদগুলো ধরে স্থির দৃষ্টিতে তাকিয়ে আছে। নুরিগার পেছনেই একটি অপূর্ব সুন্দরী মেয়ে, তাকে দুপাশ থেকে দুটি শক্তিশালী সাইবর্গ ধরে রেখেছে। মেয়েটির চোখে–মুখে একটি বিচিত্র ধরনের আতঙ্ক, মনে হচ্ছে এখানে কী হচ্ছে সে বুঝতে পারছে না। এই মেয়েটি নিশ্চয়ই রিয়া–আমি তার সাথে কথা বলেছি। পরাবাস্তব জগতে আমার একটা অস্তিত্বের সাথে তার একটা অস্তিত্ব আটকা পড়ে আছে। হঠাৎ সম্পূর্ণ অপরিচিত এই মেয়েটির জন্যে আমি আমার বুকে গভীর মমতা অনুভব করলাম, আমার ইচ্ছে হল আমি তার কাছে ছুটে গিয়ে বলি, রিয়া তোমার কোনো ভয় নেই–আমরা তোমাকে রক্ষা করব।\r\n\r\nকিন্তু আমি সেটা বলতে পারলাম না, রিয়ার ঠিক পেছনে খ্রাউস, তার আশপাশে অসংখ্য সাইবর্গ–তাদের অনেকে সশস্ত্র।\r\n\r\nরিয়াকে দুই হাতে ধরে প্রায় টেনে নিয়ে যাচ্ছিল, তার মাঝে হঠাৎ করে সে থমকে দাঁড়িয়ে পেছনে ঘুরে তাকাল। খ্রাউসের চোখের দিকে তাকিয়ে বলল, এখানে কী হচ্ছে। আমাকে বলবে?\r\n\r\nখ্রাউস শীতল গলায় বলল, বিশেষ কিছু নয়।\r\n\r\nঅবিশ্যি বিশেষ কিছু। তোমরা আমার কাছে খবর পাঠিয়েছ যে আমার মাথার ট্রাইকিনিওয়াল ইন্টারফেসটা খুলে দেবে। আমি সব কাজ ফেলে ছুটে এসেছি। এখানে হাজির হওয়া মাত্র আমাকে ধরে টেনেহিঁচড়ে নিয়ে যাচ্ছ যেন আমি একটা খুনি আসামি। আমাকে এভাবে ধরে নিয়ে যাচ্ছ কেন?\r\n\r\nকারণ আছে রিয়া।\r\n\r\nকী কারণ–সেটাই আমি জানতে চাই।\r\n\r\nখ্রাউস কিছু একটা বলতে যাচ্ছিল, তার আগেই রিয়া ক্রুদ্ধ গলায় বলল, তার আগে আমাকে আরো একটা প্রশ্নের উত্তর দাও।\r\n\r\nকী প্রশ্ন?।\r\n\r\nরিয়া খাঁচার ভেতরে আটকে থাকা নুরিগাকে দেখিয়ে বলল, এই মানুষটাকে তোমরা খাঁচার ভেতরে আটকে রেখেছ কেন? তোমরা বুঝতে পারছ না কাজটি কী ভয়ংকর অমানবিক?\r\n\r\nখ্রাউস হা–হা করে হেসে বলল, তুমি হচ্ছ পৃথিবীর সবচেয়ে নিখুঁত মানুষ কাজেই তোমার মানবিক অনুভূতিগুলো অন্য দশজন থেকে ভিন্ন। সবকিছুতেই অমানবিক কারণ খুঁজে পাও।\r\n\r\nতুমি বলতে চাও এটা অমানবিক নয়? অন্য দশজনের বেলায়\r\n\r\nএটা হয়তো অমানবিক কিন্তু এর বেলায় নয়।\r\n\r\nকেন?\r\n\r\nখ্রাউস উত্তর দেবার আগেই নুরিগা বিচিত্র ভঙ্গিতে হেসে উঠে বলল, কারণ আমি পৃথিবীর সবচেয়ে খারাপ মানুষ।\r\n\r\nরিয়া অবাক হয়ে বলল, কী বললে? পৃথিবীর সবচেয়ে খারাপ মানুষ?\r\n\r\nহ্যাঁ। খুব একটা মজার কথা বলছে এরকম একটা ভঙ্গি করে নুরিগা বলল, পৃথিবীর সবচেয়ে খারাপ মানুষ থেকে জিন্সগুলো নিয়ে আমাকে তৈরি করেছে। তাই আমি পৃথিবীর সবচেয়ে খারাপ মানুষ।\r\n\r\nএটা কী ধরনের যুক্তি মানুষ খারাপ হয়ে যেতে পারে কিন্তু তার জিন্স কেমন করে খারাপ হয়? ছোট বাচ্চা বড় হলে কি তার জিন্স পাল্টে যায়? কখনো একটা ছোট শিশু দেখেছ যে অপরাধী? দেখেছ?\r\n\r\nনুরিগা আবার হা–হা করে হেসে উঠে বলল, এটা তুমি ওদের বোঝাতে পারবে না।\r\n\r\nরিয়া তীব্র দৃষ্টিতে ব্রাউসের দিকে তাকাল, কিন্তু খ্রাউস তার দৃষ্টিকে পুরোপুরি উপেক্ষা করে বলল, চল, ওকে নিয়ে চল।\r\n\r\nরিয়া ঝাঁকুনি দিয়ে নিজেকে মুক্ত করার চেষ্টা করে বলল, তুমি এখনো বলে নি কেন আমাকে নিয়ে যাচ্ছ।\r\n\r\nবলি নি, কারণ সেটা শুনলে হয়তো তোমার ভালো লাগবে না।\r\n\r\nরিয়া খানিকক্ষণ নিঃশব্দে খ্রাউসের দিকে তাকিয়ে থেকে কাঁপা গলায় বলল, তোমরা আমাকে আর নুরিগাকে নিয়ে নিশ্চয়ই কোনো একটা অন্যায় কাজ করতে যাচ্ছ। অমানবিক কাজ করতে যাচ্ছ।\r\n\r\nন্যায়–অন্যায় মানবিক–অমানবিক খুব আপেক্ষিক ব্যাপার।\r\n\r\nরিয়া ভয়ার্ত মুখে বলল, তার মানে তোমরা সত্যি সত্যি আমাদেরকে নিয়ে ভয়ংকর কিছু করছ।\r\n\r\nখ্রাউস রিয়ার কথার উত্তর না দিয়ে সাইবর্গগুলোকে বলল, এদেরকে নিয়ে যাও ভেতরে।\r\n\r\nরিয়া আরো কিছু একটা বলতে যাচ্ছিল কিন্তু সাইবর্গগুলো তাকে সে সুযোগ দিল না– অত্যন্ত রূঢ়ভাবে তাকে ধরে টেনেহিঁচড়ে নিতে শুরু করল। আমার আবার ইচ্ছে করল রিয়ার কাছে ছুটে গিয়ে তাকে বলি, তোমার কোনো ভয় নেই রিয়া। আমরা তোমাকে রক্ষা করব–যেভাবে পারি রক্ষা করব। কিন্তু তাকে সেটা বলতে পারলাম না। সাইবর্গগুলোর পেছনে নিঃশব্দে হাঁটতে থাকলাম।\r\n\r\nমহাকাশযানের ভেতরে যাবার আগে সবাইকে কোন ধরনের স্পেস সুট পরে নেবে বলে আমার একটা ধারণা ছিল কিন্তু দেখা গেল সেটি সত্যি নয়। সাইবর্গগুলো রিয়াকে তার আসনের কাছাকাছি দাঁড় করিয়ে সরে গেল, খ্রাউস কোথাও কোনো সুইচ স্পর্শ করতেই অদৃশ্য কোনো একটি শক্তির ক্ষেত্র নিচে নেমে এসে রিয়াকে আটকে ফেলল। রিয়া সেই অদৃশ্য ক্ষেত্রকে আঘাত করে কিন্তু সেটাকে ছিন্ন করতে পারে না। আমি শুনতে পেলাম সে কাতর গলায় চিৎকার করে বলছে, আমাকে এখান থেকে বের হতে দাও। তোমরা এভাবে আমাকে আটকে রাখতে পারবে না।\r\n\r\nখ্রাউস রিয়ার কাতর চিৎকারকে পুরোপুরি উপেক্ষা করে নুরিগাকে ভেতরে নিয়ে আসার জন্যে ইঙ্গিত করল। সাইবর্গগুলো তাদের যান্ত্রিক ক্ষিপ্রতায় নুরিগাকে ধাক্কা দিয়ে তার খাঁচাসহ ভেতরে নিয়ে গেল। তার জন্যে নির্দিষ্ট জায়গায় নুরিগাকে দাঁড় করিয়ে খ্রাউস কোথায় জানি স্পর্শ করতেই ওপর থেকে আবার এক অদৃশ্য শক্তি বলয় নিচে নেমে এসে নুরিগাকে তার ভেতরে আটকে ফেলল। খ্রাউস এবারে একটা সাইবর্গকে ইঙ্গিত দিতেই সে খাঁচার দরজা খুলে নুরিগাকে শক্তি বলয়ের মাঝে রেখে খাঁচাটা টেনে বের করে সরিয়ে নিল। মুরিগা পাথরের মতো মুখ করে নিঃশব্দে দাঁড়িয়ে রইল, শক্তি বলয়টি স্পর্শ করে দেখারও তার কোনো কৌতূহল নেই। খ্রাউস চাৰ্বদিকে তাকিয়ে সন্তুষ্ট হয়ে বলল, চমৎকার!\r\n\r\nরিয়া এতক্ষণে নিজেকে খানিকটা সামলে নিয়েছে। হঠাৎ করে সে বুঝতে পেরেছে যে তার আর কিছু করার নেই। সে স্থির হয়ে দাঁড়িয়ে থেকে বলল, তুমি এখন কী করবে?\r\n\r\nখ্রাউস মহাকাশযানটির চারদিকে তাকিয়ে ভেতর থেকে বের হয়ে এল। হাতে একটা চতুষ্কোণ কন্ট্রোল প্যানেলের ওপরে সযত্নে হাত বুলিয়ে বলল, তোমরা নিজেরাই দেখবে। তবে মনে হয় এখন সময় হয়েছে তোমাদের বলে দেবার। খ্রাউস মুখে এক ধরনের হাসি ফুটিয়ে গলায় খানিকটা নাটকীয়তা এনে বলল, পৃথিবীর সর্বশ্রেষ্ঠ মানবী রিয়া এবং সর্বনিম্ন মানব নুরিগা তোমাদের দুজনকে অভিনন্দন। কারণ তোমরা পৃথিবীর প্রথম মানব সন্তান যারা মহাজাগতিক অভিযান করে দূর কোনো একটি গ্যালাক্সিতে কোনো এক বুদ্ধিমান মহাজাগতিক প্রাণীর জগতে যাচ্ছ।\r\n\r\nরিয়া আর্তনাদ করে উঠল, চিৎকার করে বলল, না!\r\n\r\nহ্যাঁ। খ্রাউসের মুখে একটা পরিতৃপ্তির হাসি ফুটে ওঠে, সে চোখ নাচিয়ে বলে, বুদ্ধিমান একটি মহাজাগতিক প্রাণীর সাথে আমাদের যোগাযোগ হয়েছে। তারা আমাদের দিয়েছে নতুন নতুন প্রযুক্তি–তার বদলে আমরা তাদের দিচ্ছি দুটি পূর্ণাঙ্গ মানুষ। সবচেয়ে নিখুঁত এবং সবচেয়ে বড় অপরাধী।\r\n\r\nরিয়া শক্তি বলয়ে আটকা পড়ে থেকে রক্তহীন ফ্যাকাসে মুখে ব্রাউসের দিকে তাকিয়ে রইল। খ্রাউস হাতের চৌকোনা কন্ট্রোল প্যানেলের একটা বড় সুইচ স্পর্শ করতেই তীক্ষ্ণ এলার্মের শব্দ বেজে ওঠে। দেয়ালে হঠাৎ করে কিছু সংখ্যা ফুটে ওঠে। সংখ্যাগুলো প্রতি সেকেন্ডে একটি করে কমে কাউন্ট ডাউন ক্ষ হয়ে যায়। খ্রাউস মুখের হাসিকে আরো বিস্তৃত করে বলল, আজ আমার খুব আনন্দের দিন। মহাজাগতিক প্রাণীদের আমি কথা দিয়েছিলাম, আমি আমার কথা রেখেছি! তারাও তাদের কথা রেখেছে, আমাকে দিয়েছে অসাধারণ সব প্রযুক্তি!\r\n\r\nরিয়া চিৎকার করে বলল, তুমি এটা করতে পার না। পৃথিবীর মানুষ তোমাকে ক্ষমা করবে না। এটা অন্যায়, এটা বেআইনি।\r\n\r\nতুমি সত্যিই বলেছ। এটা বেআইনি। এটা অন্যায় কি না জানি না, কিন্তু এটা বেআইনি। কাজেই এটা কারো জানার কথা নয়। তাই আমার কাজে সাহায্য করার জন্যে আমি সাইবর্গ তৈরি করেছি। অসংখ্য সাইবর্গ। কাজ শেষ হলে তাদেরকে আমি ব্যাক্টেরিয়ার মতো মেরে ফেলব। এই দেখ–তাদেরকে আমি এখানে অচল করে রেখে যাব। এদেরকে নিয়ে এই পুরো এলাকাটা ধ্বংস করে দেওয়া হবে।\r\n\r\nখ্রাউস তার হাতের কন্ট্রোল প্যানেলের কোনো একটা সুইচ স্পর্শ করতেই মহাকাশযানটিকে ঘিরে থাকা অসংখ্য সাইবর্গ পা ভেঙে একসাথে লুটিয়ে পড়ল। দুজন ছাড়া আমি এবং জিগি।\r\n\r\nখ্রাউস সবিস্ময়ে আমাদের দিকে তাকিয়ে থাকে, সে নিজের চোখকে বিশ্বাস করতে পারে না। আমি একটু এগিয়ে নিচে পড়ে থাকা একটা সাইবর্গের হাত থেকে একটা ভয়ংকর দর্শন স্বয়ংক্রিয় অস্ত্র হাতে তুলে নিয়ে উসের দিকে এগিয়ে গেলাম। নিচু গলায় বললাম, না খ্রাউস, তোমার যন্ত্র ঠিকই আছে। সেখানে কোনো সমস্যা নেই। সমস্যা অন্য জায়গায়। আমরা সাইবর্গ নই।\r\n\r\nআমি মাথা থেকে কপোট্রনিক ইন্টারফেস খুলে ফেলতেই খ্রাউস বিস্ময়ে চিৎকার করে উঠল। বলল, তোমরা?\r\n\r\nহ্যাঁ।\r\n\r\nখ্রাউস হঠাৎ পাগলের মতো হেসে উঠে বলল, তোমরা একটু দেরি করে ফেলেছ! এই দেখ পৃথিবীর মানুষ কীভাবে দূর গ্যালাক্সিতে পাড়ি দেয়–\r\n\r\nআমি মাথা নাড়লাম। বললাম, দেবে না।\r\n\r\nপৃথিবীর কোনো শক্তি নেই যেটি এখন এই অভিযানকে থামাতে পারবে।\r\n\r\nআছে।\r\n\r\nখ্রাউস চিৎকার করে বলল, নেই।\r\n\r\nতুমি নিজের চোখেই দেখো–\r\n\r\nখ্রাউস অবিশ্বাসের দৃষ্টিতে কাউন্ট ডাউন সংখ্যার দিকে তাকিয়ে রইল। এটি কমতে কমতে শূন্যতে এসে স্থির হতেই প্রচণ্ড একটা বিস্ফোরণের শব্দ হল। হঠাৎ করে সমস্ত জায়গাটা দুলে উঠল, তীব্র আলোর একটা ঝলকানি দেখতে পেলাম, শক্তি বলয় থেকে রিয়া এবং নুরিগা দুজন দুদিকে ছিটকে পড়ল। কর্কশ এক ধরনের এলার্ম বাজতে থাকে, আঁজালো পোড়া গন্ধ এবং ধোঁয়ায় হঠাৎ করে চারদিকে অন্ধকার হয়ে আসে। খ্রাউস অবিশ্বাসের দৃষ্টিতে আমার দিকে তাকাল। দেখতে দেখতে সেই মুখ ভয়ংকর ক্রোধে হিংস্র হয়ে ওঠে, হঠাৎ করে সে আমার ওপর ঝাঁপিয়ে পড়ল। আমি হাতের অস্ত্রটি দিয়ে তাকে গুলি করার চেষ্টা করলাম কিন্তু সে আশ্চর্য ক্ষিপ্রতায় নিজেকে রক্ষা করে আমার টুটি চেপে ধরল। খাউসের শরীরে ভয়ংকর শক্তি–আমার মনে হল তার লোহার মতো হাত দিয়ে বুঝি আমার। ঘাড়টি একটি কাঠির মতো ভেঙে ফেলবে।\r\n\r\nঠিক তখন একটা বিস্ফোরণের শব্দ হল এবং শক্তিশালী একটি অস্ত্রের গুলিতে খ্রাউসের পুরো মাথাটি উড়ে গেল। প্রায় সাথে সাথেই থ্রাউসের আঙুলগুলো আমার গলায় শিথিল হয়ে আসে। আমি নিজেকে কোনোভাবে মুক্ত করে নিশ্বাস নেবার চেষ্টা করতে থাকি এবং তখন আমি একটা আর্তচিৎকার শুনতে পেলাম। মাথা ঘুরিয়ে দেখলাম রিয়া দুই হাতে নিজের মুখ চেপে ধরে নিজের চিৎকার থামানোর চেষ্টা করছে। কী দেখে সে চিৎকার করছে আমি অনুমান করতে পারি, টলতে টলতে কোনোভাবে সোজা হয়ে দাঁড়িয়ে খ্রাউসের দেহের দিকে তাকালাম। গুলির আঘাতে তার মাথাটি উড়ে গিয়েছে, গলার শূন্য স্থান থেকে প্যাঁচপেচে সবুজ এক ধরনের তরল বের হচ্ছে, তার মাঝে কিলবিলে এক ধরনের প্রাণী। নুরিগা অস্ত্র হাতে হতবাক হয়ে দাঁড়িয়ে আছে, সে এইমাত্র গুলি করে খ্রাউসের মাথাটি উড়িয়ে দিয়েছে, কখনো কল্পনাও করে নি তারপর তাকে এই দৃশ্য দেখতে হবে।\r\n\r\nআমি বুক ভরে নিশ্বাস নিতে গিয়ে খকখক করে কেশে ফেললাম। কোনোভাবে কাশি থামিয়ে বললাম, এত অবাক হবার কিছু নেই। খ্রাউস মানুষ নয়। মহাজাগতিক প্রাণীর ডিকয়।\r\n\r\nনুরিগা মাথা নেড়ে বলল, আমার আনন্দটি পুরো হল না। আমি মানুষটি ভালো নই– মাথার ঘিলু উড়িয়ে দিলে এক ধরনের আনন্দ পাই। এটি তো দেখছি মানুষ নয়–এর মাথাও নেই, ঘিলুও নেই।\r\n\r\nরিয়া খ্রাউসের ভয়ংকর পরিণতি থেকে চোখ সরিয়ে নিয়ে আমার দিকে তাকিয়ে বলল, আমাদের রক্ষা করার জন্যে তোমাদের অনেক ধন্যবাদ। আমার নাম রিয়া–\r\n\r\nআমি জানি। আমি হেসে বললাম, আমার নাম ত্রাতুল। তোমার সাথে কথা বলেছিলাম মনে আছে?\r\n\r\nরিয়ার চোখ উজ্জ্বল হয়ে ওঠে। মাথা নেড়ে বলল, হ্যাঁ অবিশ্যি মনে আছে। রিয়া আরো কিছু একটা বলতে যাচ্ছিল কিন্তু জিগি বাধা দিল, উত্তেজিত গলায় বলল, পাশের হলঘরে আগুন লেগে গেছে। আমাদের এক্ষুনি সরে পড়তে হবে। একটা একটা করে সাইবর্গকে চালু করে দাও। তাড়াতাড়ি। সবাই হাত লাগাও।\r\n\r\nরিয়া জিজ্ঞেস করল, কেমন করে সাইবর্গ চালু করতে হয়?\r\n\r\nএই দেখো–কানের নিচে একটা সুইচ আছে। দু সেকেন্ড চাপ দিয়ে ধরে রেখো, এরা চালু হয়ে যাবে।\r\n\r\nকিছুক্ষণের মাঝেই সবগুলো সাইবর্গ জেগে উঠে ছোটাছুটি শুরু করল। আমরা তাদেরকে লিফট দিয়ে উঠে যাবার নির্দেশ দিয়ে ছুটতে শুরু করি। করিডরের ভেতর দিয়ে ছুটে যাবার সময় হঠাৎ করে একটা করুণ আর্তনাদ শুনতে পেলাম। আমি থমকে দাঁড়িয়ে বললাম, সর্বনাশ!\r\n\r\nরিয়া ভয়ার্ত মুখে বলল, কী হয়েছে।\r\n\r\nএই হলঘরের ভেতরে আগুন লেগেছে। তোমাদের বাচানোর জন্যে যে কাজটা করেছি তাতে আর কোনো উপায় ছিল না। কিন্তু–।\r\n\r\nকিন্তু কী? ভেতরে দুজন আটকা পড়ে আছে। সাইবর্গের হোষ্ট। দুজন বুদ্ধিহীন মানুষ।\r\n\r\nজিগি আমার দিকে আতঙ্কিত চোখে তাকাল। আমি কানার সিকিউরিটি কার্ড দিয়ে করিডরের দরজা খুলতেই হলঘরের ভেতর থেকে প্রচণ্ড গরম একটা আগুনের হলকা যেন আমাদের ঝলসে দিল। আমি সাবধানে ভেতরে তাকালাম, দূরে একটা চতুষ্কোণ যন্ত্রের পাশে দাঁড়িয়ে সাইবর্গ দুটি ভয়ে আতঙ্কে চিৎকার করছে, তাদের চারপাশে দাউদাউ করে আগুন জ্বলছে। আমি চিৎকার করে হাত নেড়ে ডাকলাম, এস–এদিকে চলে এস।\r\n\r\nবুদ্ধিহীন মানুষ দুজন আমার কথা শুনল কি না কিংবা শুনলেও বুঝতে পারল কি না জানি না। তারা একই জায়গায় দাঁড়িয়ে আতঙ্কে চিৎকার করতে লাগল। আমি আবার হাত নেড়ে ডাকলাম, আমার দেখাদেখি জিগি আর রিয়াও হাত নেড়ে ডাকতে লাগল কিন্তু কোনো লাভ হল না।\r\n\r\nনুরিগা একটু এগিয়ে গিয়ে বলল, ডেকে লাভ নেই।\r\n\r\nতা হলে?\r\n\r\nগিয়ে নিয়ে আসতে হবে। তোমরা দাঁড়াও আমি যাচ্ছি।\r\n\r\nতুমি যাচ্ছ? আমি অবাক হয়ে বললাম, তুমি এর ভেতরে যাচ্ছ? তোমার কি মাথা খারাপ হয়ে গেছে?\r\n\r\nনা। মাথা খারাপ হয় নি। কিন্তু কাউকে যদি ভেতরে যেতে হয় তা হলে কি আমারই যাওয়া উচিত না? কেউ যদি মারাই যায় তা হলে সবচেয়ে খারাপ মানুষটাই মারা যাক।\r\n\r\nনুরিগার গলার স্বরে এক ধরনের জ্বালা ছিল সেটা আমাদের কানে স্পষ্ট ধরা পড়ল। আমি কিছু বলার আগেই রিয়া তার হাত স্পর্শ করে বলল, যে যাই বলুক, আমরা তোমাকে কখনো সবচেয়ে খারাপ মানুষ বলি নি।\r\n\r\nনুরিগা মাথা নেড়ে বলল, এসব নিয়ে পরে কথা বলা যাবে, ভেতরে দেরি হয়ে যাচ্ছে। আমি যাচ্ছি।\r\n\r\nআমাদেরকে কোনো কথা বলার সুযোগ না দিয়ে নুরিগা ছুটে ভেতরে ঢুকে গেল। আগুনের ভেতর দিয়ে ছুটে গিয়ে সে আতঙ্কিত দুজনকে ধরে টেনে নিয়ে আসতে থাকে। মানুষ দুটো তখনো কিছু বুঝতে পারছে না–একটানা চিৎকার করে যাচ্ছে। দরজার কাছাকাছি এসে একজনকে সে ধাক্কা দিয়ে বের করে দেয়, দ্বিতীয় মানুষটা তার হাত থেকে নিজেকে ছুটিয়ে নিয়ে আবার ভেতরে ছুটে যাবার চেষ্টা করে। নুরিগা আবার তাকে পেছন থেকে জাপটে ধরে নিয়ে আসে। দরজার দিকে তাকে ঠেলে দিতেই হলঘরের ভেতরে প্রচণ্ড একটা বিস্ফোরণের শব্দ হল। আগুনের একটা জ্বলন্ত গোলা ছুটে এসে হঠাৎ করে নুরিগাকে গ্রাস করে নেয়, আমরা হতবাক হয়ে দেখলাম প্রচণ্ড আগুনে নুরিগার সমস্ত শরীর দাউদাউ করে জ্বলছে। নুরিগা টলতে টলতে কোনোভাবে দাঁড়িয়ে থাকতে চেষ্টা করে কিন্তু পারে না, হুমড়ি খেয়ে পড়ে গেল, কোনোভাবে মাথা তুলে আমাদের দিকে তাকিয়ে কিছু একটা বলার চেষ্টা করল কিন্তু কথা শেষ হবার আগেই জ্বলন্ত একটি অগ্নিকূপ তাকে পুরোপুরি আড়াল করে ফেলল। চারদিকে শুধু আগুন আর আগুন। তার ভয়ংকর লেলিহান শিখা আর উত্তপ্ত বাতাসের হলকার মাঝে মনে হল আমরা শুনতে পেলাম নুরিগা চিৎকার করে বলছে, যাও! তোমরা যাও।\r\n\r\nরিয়া দুই হাতে মুখ ঢেকে হাউমাউ করে কেঁদে ফেলে, কিছু একটা বলতে যাচ্ছিল কিন্তু জিগি তার সুযোগ দিল না, বলল, পালাও, এক্ষুনি পালাও। পুরো এলাকাটি এক্ষুনি ধসে পড়বে।\r\n\r\nআমি রিয়ার হাত ধরে টেনে ছুটতে থাকি। জিগি সাইবর্গ মানুষ দুটির হাত ধরে আমাদের পিছু পিছু ছুটতে থাকে। করিডরের শেষ মাথায় লিফটের ভেতরে ঢুকে সুইচ স্পর্শ করার সাথে সাথে পুরো এলাকাটা আরো একটি ভয়ংকর বিস্ফোরণে কেঁপে উঠল, ভয়ংকর আগুনের লেলিহান শিখা আমাদের দিকে ছুটে আসে কিন্তু তার আগেই লিফটটি উপরে উঠতে শুরু করেছে। জিগি ফিসফিস করে বলল, আমরা বেঁচে গেলাম।\r\n\r\nএত নিশ্চিত হয়ো না। আমি জিগির দিকে তাকিয়ে হাসার চেষ্টা করে বললাম, আমরা এখনো এই কেন্দ্রের ভেতরে আটকা পড়ে আছি। এটা উসের আস্তানা। লিফট থেকে বের হওয়া মাত্রই আমরা ধরা পড়ে যাব।\r\n\r\nজিগি এক ধরনের আতঙ্ক নিয়ে আমার দিকে তাকাল। রিয়া কাঁপা গলায় বলল, কিন্তু আমরা সত্যি কথাটি সবাইকে জানিয়ে দেব।\r\n\r\nকেমন করে জানাবে?\r\n\r\nরিয়া হতবুদ্ধির মতো আমার দিকে তাকাল, আমি বললাম, সবাইকে জানাতে হলে আগে এখান থেকে বের হতে হবে। কেমন করে বের হবে?\r\n\r\nকেউ নেই সাহায্য করার?\r\n\r\nআছে। আমি মাথা নাড়লাম, তার নাম হচ্ছে ক্রানা। ক্ৰানা সাহায্য করেছে বলে আমরা এত দূর আসতে পেরেছি। যেভাবেই হোক আমাদের ক্রানাকে খুঁজে বের করতে হবে।\r\n\r\nঠিক এই সময় লিফট থেমে গেল। লিফটের দরজা নিঃশব্দে খুলে যেতেই দেখি ঠিক আমাদের সামনে জানা উদ্বিগ্ন মুখে দাঁড়িয়ে আছে। আমাদের দেখে কানার মুখ হাসিতে উজ্জ্বল হয়ে উঠল, বলল, তোমরা বেঁচে আছ তা হলে\r\n\r\nআমি ক্ৰানাকে কথা শেষ করতে না দিয়ে ফিসফিস করে বললাম, আমাদের যেভাবে হোক বের হওয়ার একটা ব্যবস্থা করে দাও\r\n\r\nপ্রয়োজন নেই?\r\n\r\nনা।\r\n\r\nকেন?\r\n\r\nবাইরে সবাইকে বলতে হবে এখানে কী হচ্ছে।\r\n\r\nক্রানা শব্দ করে হেসে বলল, তার কোনো প্রয়োজন নেই।\r\n\r\nকেন?\r\n\r\nসারা পৃথিবীর সবাই এখন এটি জানে!\r\n\r\nকেমন করে জানে?\r\n\r\nএস আমার সাথে\r\n\r\nক্ৰানা আমাদের বড় একটি হলোগ্রাফিক স্ক্রিনের সামনে নিয়ে গিয়ে বলল, এই দেখ, সারা পৃথিবীতে একটু পরে পরে এই বুলেটিনটি প্রচারিত হচ্ছে।\r\n\r\nআমরা রুদ্ধশ্বাসে তাকিয়ে রইলাম, হঠাৎ করে হলোগ্রাফিক স্ক্রিনে একটি নারীমূর্তি স্পষ্ট হয়ে উঠল, আমরা অবাক হয়ে দেখলাম সেটি রিয়া। তার মুখে এক ধরনের ব্যাকুল ভাব, চোখে শঙ্কা। অনিশ্চিতভাবে সামনে তাকিয়ে কাঁপা গলায় বলল, পৃথিবীর মানুষেরা, আমি পুরোপুরি নিশ্চিত নই তোমরা আমাকে দেখতে পাচ্ছ কি না, আমার কথা শুনতে পাচ্ছ কি না। আমার নাম রিয়া, পৃথিবীতে অনেকে আমাকে কৌতুক করে ডাকত রাজকুমারী রিয়া, কারণ আমাকে জিনেটিক ইঞ্জিনিয়ারিং করে তৈরি করা হয়েছিল–বলা হয়ে থাকে আমি হচ্ছি পৃথিবীর নিখুঁত মানবী–যদিও আমি সেটা বিশ্বাস করি না, কোনো মানুষ সবচেয়ে নিখুঁত হতে পারে না, তা হলে মানুষের ভেতরের শক্তিকে ক্ষুদ্র করে দেখা হয়।\r\n\r\nআমার মনে হয় পৃথিবীর অনেক মানুষই আমার কথা শুনেছে, সেটা নিয়ে খানিকটা কৌতূহল এবং অনেক ক্ষেত্রে কৌতুক অনুভব করেছে। কিন্তু আজ আমি তোমাদের সামনে বলতে এসেছি যে এটি কৌতূহল বা কৌতুকের ব্যাপার নয়। এটি একটি ভয়ংকর ষড়যন্ত্রের ব্যাপার।\r\n\r\nআমি নিশ্চিত তোমরা জান না আমাকে যেরকম পৃথিবীর সবচেয়ে নিখুঁত হিসেবে তৈরি করা হয়েছে ঠিক সেরকম পৃথিবীর সবচেয়ে বড় অপরাধী হিসেবে একজনকে সৃষ্টি করার চেষ্টা করা হয়েছে। কাজটি করা হয়েছে গোপনে। সেই মানুষটি কখনো কোনো অপরাধ করে নি কিন্তু তবুও তাকে অপরাধী হিসেবে বিবেচনা করে শিকল দিয়ে বেঁধে খাঁচার মাঝে আটকে রাখা হয়েছে। পৃথিবীর ইতিহাসে এরকম নিষ্ঠুরতার কথা কেউ শুনেছে বলে আমার মনে হয় না। পৃথিবীর মানুষেরা, তোমরা এখনো পুরোটুকু শুনো নি–আমি নিশ্চিত শুনলে তোমরা আতঙ্কে শিউরে উঠবে।\r\n\r\nআমাদের দুজনকে তৈরি করার পেছনে একটি কারণ রয়েছে। কারণটি বৈজ্ঞানিক কৌতূহল নয়। কারণটি বলা যায় এক কথায়, ব্যবসায়িক। আর সেই ব্যবসাটি হচ্ছে কোনো এক মহাজাগতিক প্রাণীর সাথে। তারা পৃথিবীতে দেবে প্রযুক্তি তার বিনিময়ে পৃথিবী দেবে দুজন মানুষ। সবচেয়ে ভালো এবং সবচেয়ে খারাপ। একজন পুরুষ একজন মহিলা। আর এই সব সিদ্ধান্ত নেওয়া হয়েছে গোপনে। পৃথিবীর সকল মানুষের অজান্তে।\r\n\r\nপৃথিবীর মানুষেরা–আমি জানি না, তোমরা আমার কথা শুনছ কি না। যদি শুনছ– আমি নিশ্চিত তোমরা নিশ্চয়ই ঘৃণা, আতঙ্ক এবং ক্রোধে শিউরে উঠছ। কিন্তু তোমরা এখনো পুরোটুকু শুনো নি।\r\n\r\nএই যে আমাকে দেখছ, আমি কিন্তু সত্যিকারের রিয়া নই। সত্যিকারের রিয়া এখন কোথায় আছে আমি জানি না। সম্ভবত তাকে দূর কোনো এক গ্যালাক্সিতে পাঠিয়ে দেওয়া হয়েছে, ল্যাবরেটরিতে যেরকম করে গিনিপিগকে বিশ্লেষণ করা হত সেরকমভাবে বিশ্লেষণ করার জন্যে। আমি প্রকৃত রিয়ার একটি অস্তিত্ব। আমাকে একটা পরাবাস্তব জগতে তৈরি করা হয়েছে। আমার সাথে আরো অনেকে আছে। তারা আমাকে সাহায্য করেছে এই পরাবাস্তব জগৎটি দখল করে তোমাদের সঙ্গে যোগাযোগ করার জন্যে।\r\n\r\nপৃথিবীর মানুষেরা। শুধু তোমরাই পারবে এই নিঃসঙ্গ ভয়ংকর পরাবাস্তব জগৎ থেকে আমাদের উদ্ধার করে আনতে। শুধু তোমরাই পারবে এই ভয়ংকর ষড়যন্ত্র রুখে দিতে। শুধু তোমরা। তোমাদের শুভবুদ্ধি আর তোমাদের ভালবাসা।\r\n\r\nরিয়ার প্রতিচ্ছবিটি খুব ধীরে ধীরে অস্পষ্ট হয়ে গেল। আমি রিয়ার দিকে তাকালাম, তার চোখে পানি টলটল করছে, আমি নরম গলায় বললাম, খুব সুন্দর করে বলেছ রিয়া।\r\n\r\nরিয়া মাথা নাড়ল, বলল, আমি বলি নি। ও বলেছে।\r\n\r\nও আর তুমি এক রিয়া। তোমরা এখন দুজন দু জায়গায় আছ কিন্তু আবার তোমরা এক হবে।\r\n\r\nঠিক এই সময় সমুদ্রের গর্জনের মতো এক ধরনের শব্দ শুনতে পেলাম। আমি অবাক হয়ে বললাম, এটি কীসের শব্দ?\r\n\r\nক্রানা বলল, মানুষের। হাজার হাজার লক্ষ লক্ষ মানুষ বাইরে এসে একত্র হচ্ছে। তারা সব ভেঙে ভেতরে ঢুকে পড়তে চাইছে।\r\n\r\nসত্যি?\r\n\r\nহা সত্যি।\r\n\r\nক্রানা রিয়ার দিকে তাকিয়ে বলল, মানুষ খুব খেপে উঠছে, তোমাকে একটু বাইরে গিয়ে তাদের শান্ত করতে হবে। তুমি ছাড়া আর কেউ পারবে না। রাষ্ট্রপতি আসছেন, বিজ্ঞান একাডেমির সভাপতিও আসছেন। সশস্ত্র বাহিনীর প্রধানরা চলে এসেছেন।\r\n\r\nরিয়া অবাক হয়ে তাকিয়ে রইল, ক্রানা হাত ধরে বলল, এস।\r\n\r\nশেষ কথা\r\n\r\nহ্রদের তীরে নৌকাটা পুরোপুরি থামার আগেই সবাই হৈ–হুঁল্লোড় করে নেমে এল। পানিতে ঝাপাঝাপি করে সবাই ভিজে গেছে কিন্তু কারো কোনো ভ্রুক্ষেপ নেই। সবাই মিলে ছুটি কাটাতে এসেছে–আজ এখানে কারণে–অকারণে আনন্দ এবং হাসির মেলা।\r\n\r\nক্রানা তার দুই বছরের বাচ্চাটিকে ধরে রেখেছিল, সে নামার জন্যে আঁকুপাকু করতে থাকে। তাকে নামিয়ে দিতেই সে থপথপ করে দুই পা এগিয়ে গিয়ে তাল সামলাতে না পেরে হমড়ি খেয়ে পড়ে গেল। সেভাবেই সে হামাগুড়ি দিয়ে একটা লাল কাঁকড়ার কাছে এগিয়ে যায়। তাকে দেখে কাকড়াটি বালুর ভেতরে অদৃশ্য হয়ে গেল, শিশুটি তখন অবাক হয়ে চারদিকে দেখে, হাতের মুঠোর জিনিস যে হারিয়ে যেতে পারে এই অভিজ্ঞতাটুকু বুঝি এমন করেই মানুষের হয়।\r\n\r\nক্রানা হ্রদের উথাল–পাতাল বাতাসে তার উড়ন্ত চুলগুলো সামলানোর চেষ্টা করতে করতে বলল, আচ্ছা রিয়া এবং ত্রাতুল, তোমরা প্রতি বছর এখানে বেড়াতে আস কেন?\r\n\r\nরিয়া আদুরে মেয়ের মতো আমার হাত জড়িয়ে ধরে রহস্য করে বলল, ব্যাপারটা গভীরভাবে রোমান্টিক! আমার সাথে ত্রাতুলের দেয়া হয়েছিল এখানে।\r\n\r\nজিগি গলা উঁচিয়ে বলল, বাজে কথা বলে না। তোমার সাথে ত্রাতুলের দেখা হয়েছিল পরাবাস্তব জগতে। একটা যন্ত্রের ভেতরে তার মেমোরি সেলে। তোমরা সত্যিকার মানুষ পর্যন্ত ছিলে না!\r\n\r\nরিয়া তীক্ষ্ণ চোখে জিগির দিকে তাকিয়ে বলল, তুমি কি বুকে হাত দিয়ে বলতে পারবে যে এই জগৎট সত্যি? তুমি সত্যি? তুমি কি বলতে পারবে যে তুমি এই মুহূর্তে অন্য কারো পরাবাস্তব জগতে বসে নেই?\r\n\r\nজিগিকে খানিকটা বিভ্রান্ত দেখায়, সে দুর্বলভাবে হাসার চেষ্টা করে বলল, না, তা অবিশ্যি পারব না–কিন্তু\r\n\r\nরিয়া মুখে কপট গাম্ভীর্য এনে বলল, কাজেই তুমি বড় বড় কথা বলো না। আমাদের কাছে আমাদের সেই জগৎটাই ছিল বাস্তব। তুমি যেটুকু বাস্তব দেখেছ তার চাইতেও বেশি বাস্তব।\r\n\r\nরিয়া একটি গভীর নিশ্বাস ফেলে বলল, সেই জায়গাটা ছিল এরকম। পাহাড়ের পাদদেশে নীল হ্রদ, দীর্ঘ বালুবেলা, বালুবেলার কাছে ঘন অরণ্য। তার সাথে হু–হুঁ করে। উথাল–পাতাল বাতাস। এখানে এলে আমাদের সেই জায়গাটার কথা মনে পড়ে তাই আমরা এখানে আসি।\r\n\r\nজিগি হাল ছেড়ে দেওয়ার ভঙ্গি করে মাথা নেড়ে বলল, আমি ভাবতেও পারি না। একজন মানুষ তার পরাবাস্তব জগতের স্মৃতি নিয়ে এরকম বাড়াবাড়ি করতে পারে!\r\n\r\nক্রানা বলল, মনে আছে প্রথমবার যখন পরাবাস্তব জগৎ থেকে ত্রাতুল আর রিয়ার মাথায় স্মৃতি ফিরিয়ে নিয়ে আসা হল তখন কী হয়েছিল?\r\n\r\nহ্যাঁ! জিগি চোখ বড় বড় করে বলল, স্মৃতি লোড করার আগে দুজন প্রায় অপরিচিত মানুষ। কিন্তু লোড করার পর চোখ খুলেই দুজন দুজনের কাছে ছুটে এসে একজন আরেকজনকে জড়িয়ে ধরে সে কী হাউমাউ করে কান্না!\r\n\r\nআমি দুর্বল গলায় আপত্তি করার চেষ্টা করে বললাম, আমার যতদূর মনে আছে কান্নাকাটির অংশটি ছিল রিয়ার।\r\n\r\nরিয়া একটু লজ্জা পেয়ে বলল, ছিলই তো! তা আমি কী করব? জিনেটিক ইঞ্জিনিয়ারিং করে আমাকে এমনভাবে তৈরি করেছে যে অল্পতেই আমার চোখে পানি এসে যায়।\r\n\r\nজিগি চোখ ঘুরিয়ে বলল, তোমার ভারি মজা রিয়া। কিছু একটা হলেই জিনেটিক ইঞ্জিনিয়ারিংকে দোষ দিতে পার। আমাদের বেলায় যাই করি না কেন পুরো দোষটা হয় আমাদের নিজেদের!\r\n\r\nজিগির কথা শুনে সবাই হো হো করে হেসে ওঠে, জিগির চতুর্দশ নম্বর বান্ধবী তার মাথায় একটা হালকা চাটি দিয়ে বলল, নিজেকে অন্যের সাথে তুলনা করো না জিগি। তোমার বেলায় সব দোষ যে আসলেই তোমার সেটা আমার থেকে ভালো করে কেউ জানে না।\r\n\r\nএই সাধারণ কথাটি শুনেই আবার সবাই হো হো করে হেসে উঠল।\r\n\r\n.\r\n\r\nসূর্য ডুবে যাবার পর আমি আর রিয়া বালুবেলায় হাঁটতে বের হলাম। আকাশে বড় একটা চাঁদ উঠেছে। তার ম্লান আলোতে দূরের পর্বতমালাকে কেমন জানি অপার্থিব দেখায়। সন্ধ্যাবেলার উথাল-পাতাল বাতাসে হ্রদের পানি ছলাৎ ছলাৎ করে তীরে এসে আঘাত করছে। চারপাশে সুনসান নীরবতা, মনে হয় আমরা বুঝি কোনো একটি অতিপ্রাকৃত জগতে চলে এসেছি।\r\n\r\nরিয়া আমাকে শক্ত করে ধরে রেখেছে যেন আমাকে ছাড়লেই আমি অদৃশ্য হয়ে যাব। এই মেয়েটির সাথে পরিচয় না হলে আমি কখনোই সত্যিকার অর্থে ভালবাসা জিনিসটি কী সেটা বুঝতে পারতাম না। তার ভালবাসার ক্ষমতা এবং সেটা প্রকাশ করার ক্ষমতা দেখে আমি মাঝে মাঝে অবাক হয়ে যাই।\r\n\r\nমাথার ওপর দিয়ে হঠাৎ করে একটা পাখি শব্দ করে ডেকে ডেকে উড়ে গেল, সেই ডাক শুনে কেমন জানি মন খারাপ হয়ে যায়। রিয়া একটা ছোট নিশ্বাস ফেলে বলল, মনে আছে ত্রাতুল?\r\n\r\nকীসের কথা বলছ?\r\n\r\nনুরিগার কথা।\r\n\r\nআমি একটা নিশ্বাস ফেলে বললাম, মনে নেই আবার?\r\n\r\nআমি চোখের সামনে সেই দৃশ্যটি দেখতে পাই। পরাবাস্তব জগতে এরকম একটি বালুবেলায় নুরিগা আমাদের কাছ থেকে বিদায় নিয়েছিল। আমরা তখন জেনে গেছি সত্যিকারের পৃথিবীতে দুটি সাইবর্গকে বাঁচাতে গিয়ে সত্যিকারের নুরিগা মারা গেছে, তার এখন পৃথিবীতে ফিরে যাবার কোনো উপায় নেই। পরাবাস্তব একটি জগতে সে চিরদিনের জন্যে আটকা পড়ে থাকবে। গভীর বেদনায় তার ভেতরটা নিশ্চয়ই দুমড়ে মুচড়ে যাচ্ছিল কিন্তু আমাদের সামনে সেটা প্রকাশ করল না। আমাদের দুজনকে আলিঙ্গন করে সে ফিসফিস করে বলেছিল, বিদায় ত্রাতুল। বিদায় রিয়া। পৃথিবীতে তোমাদের জীবন আনন্দময় হোক।\r\n\r\nআমরা কী বলব বুঝতে পারছিলাম না। নুরিগা অন্যমনস্ক ভঙ্গিতে বলল, আমার জন্যে তোমাদের ভালবাসার কথা আমার মনে থাকবে। তোমাদের সাথে দেখা না হলে আমি ভাবতাম সত্যিই বুঝি আমার জীবনের কোনো মূল্য নেই। সত্যিই বুঝি আমি তুচ্ছ। আমি অপরাধী।\r\n\r\nরিয়া কোনো কথা না বলে ফুঁপিয়ে কেঁদে উঠেছিল। নুরিগা ফিসফিস করে বলেছিল, আমি কখনো ভাবি নি আমার জন্যে কেউ চোখের পানি ফেলবে। তুমি জান রিয়া, আজ আমার কোনো দুঃখ নেই?\r\n\r\nতারপর নুরিগা হ্রদের বালুবেলায় বিষণ্ণ পদক্ষেপে হেঁটে হেঁটে চলে গিয়েছিল। আমরা দেখেছিলাম তার দীর্ঘ অবয়ব সন্ধ্যার অন্ধকারে দূরে মিলিয়ে যাচ্ছে। কোথায় আছে এখন সে? কেমন আছে?\r\n\r\nআমি রিয়ার দিকে তাকালাম, তার চোখে পানি চিকচিক করছে।', 'তারিকুল ইসলাম', '2023-04-17 15:04:46', 'front.jpg', 'published', 'ছোট, রুপকথা, বিজ্ঞান', 0, 1),
(27, 1, 'ক্রানা', 'জিগি বলল, পুরো ব্যাপারটা একবার পর্যালোচনা করা যাক।\r\n\r\nআমি মাথা নাড়লাম। জিগি বলল, তুমি এসে বললে তোমার মস্তিষ্ক ম্যাপিং করে তোমাকে এবং রাজকুমারী রিয়াকে পরাবাস্তব জগতে আটকে রাখা হয়েছে। তাদেরকে সাহায্য করার জন্যে আমি মূল নেটওয়ার্কে ঢোকার চেষ্টা করলাম, পারলাম না। উল্টো আমার আস্তানাটি ধ্বংস হল।\r\n\r\nআমি আবার মাথা নাড়লাম। জিগি বলল, আমার তখনই থেমে যাওয়া উচিত ছিল, কারণ তোমার কিংবা রাজকুমারীর কিছু হয় নি তাদের ম্যাপিং বা পরাবাস্তব অস্তিত্বটি শুধুমাত্র আটকা পড়েছে। তারা যদি মারাও যায় তোমাদের কিছু হবে না–তোমরা ভালোভাবে বেঁচে থাকবে। কিন্তু এই সহজ যুক্তিটি আমার চোখে পড়ল না– আমি বোকার মতো আবেগপ্রবণ হয়ে গেলাম।\r\n\r\nআমি আবার মাথা নাড়লাম।\r\n\r\nজিগি বলল, আবেগপ্রবণ হলে মানুষ ভুল করে, আমিও ভুল করলাম। খুব বড় ভুল। পালানোর রাস্তা ঠিক না করে এখানে এসে হাজির হলাম। শুধু হাজির হলাম তা নয়, নেটওয়ার্কের পরিবর্তন করে ছয়টি পরাবাস্তব জগৎ এক সমতলে নিয়ে এসে তোমাকে এর ভেতরে ঢুকিয়ে দিলাম। তখন একটা কেলেঙ্কারি হল–আমরা একেবারে হাতেনাতে ধরা পড়ে গেলাম। এখন আমাদের কী হবে জানি না।\r\n\r\nআমি আবার মাথা নাড়লাম। জিগি বিরক্ত হয়ে বলল, শুধু মাথা নাড়বে না, কিছু একটা বলো।\r\n\r\nবলার বিশেষ কিছু নেই।\r\n\r\nঅন্ততপক্ষে বলল যে তুমি খুব দুঃখিত।\r\n\r\nআমি দুঃখিত না হলে কেন মিছিমিছি বলব যে আমি দুঃখিত?\r\n\r\nজিগি রেগে উঠে বলল, তোমার একটি পরাবাস্তব অস্তিত্বের জন্যে আমরা এত বড় একটা গাড়ায় পড়েছি–তুমি সেজন্যে দুঃখিত হবে না?\r\n\r\nআমি মাথা নাড়লাম, বললাম, না\r\n\r\nকেন না?\r\n\r\nসেটা আমি বলতে পারব না\r\n\r\nকেন বলতে পারবে না?\r\n\r\nকারণ আমি নিশ্চিত আমাদেরকে খুব তীক্ষ্ণ চোখে লক্ষ করা হচ্ছে।\r\n\r\nঅবিশ্যি লক্ষ করা হচ্ছে। কিন্তু কোন ব্যাপারটি এখানে গোপন যেটা আমরা জানি কিন্তু ওরা জানে না?\r\n\r\nআমি জিগির কথার উত্তর না দিয়ে বললাম, তোমার কাছে একটা চাকু আছে?\r\n\r\nজিগি অবাক হয়ে বলল, না, কেমন করে থাকবে? আমাদের ব্যাগগুলো রেখে দিয়েছে!\r\n\r\nখুব ছোট চাকু? যেটা বিপজ্জনক নয়?\r\n\r\nজিগি তার প্যান্টের অনেকগুলো পকেট ঘেঁটে একটা ছোট চাকু বের করল, কষ্ট করে এটি দিয়ে ফলমূলের ছিলকে কাটা যেতে পারে। আমি চাকুর ধারটা পরীক্ষা করে বললাম, চমৎকার!\r\n\r\nকী চমৎকার?\r\n\r\nচাকুর ধারটুকু।\r\n\r\nকেন?\r\n\r\nআমি ঠিক করেছি আত্মহত্যা করব।\r\n\r\nজিগি কিছুক্ষণ আমার দিকে তাকিয়ে রইল, তারপর বলল, এরকম সময়ে ঠাট্টা তামাশা ভালো লাগে না।\r\n\r\nআমারও ভালো লাগে না– এবং সে কিছু বলার আগেই আমি কবজিতে মূল ধমনির ওপর চাকু বসিয়ে দিলাম, নিখুঁত কাজ, সাথে সাথেই ধমনি কেটে ফিনকি দিয়ে রক্ত বের হতে লাগল। আমি অবাক হয়ে লক্ষ করলাম যেরকম যন্ত্রণা হবে ভেবেছিলাম, সেরকম যন্ত্রণা হচ্ছে না।\r\n\r\nজিগি চিৎকার করে আমার হাত ধরে ফেলল, কিছুক্ষণের মাঝেই আমরা দুজনে রক্তে মাখামাখি হয়ে গেলাম। আমি যথাসম্ভব শান্ত গলায় বললাম, এত ব্যস্ত হবার কিছু হয় নি। আমি যদি মরে যাই শুধুমাত্র তা হলেই তুমি বেঁচে যেতে পারবে।\r\n\r\nকেন? কেন একথা বলছ? কারণ আমি বেশি জেনে ফেলেছি–তোমার সেটুকু জানার দরকার নেই।\r\n\r\nআমি কথা শেষ করার আগেই একটা এলার্মের শব্দ শুনতে পেলাম এবং কিছুক্ষণের মাঝে দরজা খুলে একজন ডাক্তার ছুটে এল। আমি নিশ্বাস বন্ধ করে ডাক্তারটির মুখের দিকে তাকালাম, যা আশা করেছিলাম তাই, ডাক্তারটি জানা। তার সাথে যোগাযোগ করার জন্যেই আমি আমার ধমনিটি কেটেছি রক্তপাতটুকু বৃথা যায় নি।\r\n\r\nক্ৰানা আমার ওপর ঝুঁকে পড়ল, কী আশ্চর্য! এটা কোন ধরনের নির্বুদ্ধিতা?\r\n\r\nহাতের টিস্যু জোড়া লাগানোর যন্ত্রটি একটি চাপা গুঞ্জন সৃষ্টি করেছে, আমি সেই শব্দের আড়ালে কানার সাথে যোগাযোগ করার চেষ্টা করলাম। ফিসফিস করে বললাম, ক্রানা এটা নির্বুদ্ধিতা না, তোমার সাথে যোগাযোগ করার এটা আমার একমাত্র উপায়।\r\n\r\nক্রানা কোনো কথা না বলে অবাক হয়ে আমার দিকে তাকাল, আমি ফিসফিস করে বললাম, আমাদের খুব বিপদ। পৃথিবীর খুব বিপদ। আমাদের এখান থেকে বের হওয়ার সুযোগ করে দাও।\r\n\r\nক্রানা আমার ধমনিটি জোড়া লাগিয়ে রক্তপাত বন্ধ করে ফিসফিস করে বলল, কেমন করে সেটা করব?\r\n\r\nতোমার সিকিউরিটি কার্ড আছে সেটা আমাদের দিয়ে যাও।\r\n\r\nক্ৰানা চোখ বড় বড় করে বলল, তোমার নিশ্চয়ই মাথা খারাপ হয়েছে।\r\n\r\nনা, হয় নি। বিশ্বাস কর। পৃথিবীর খুব বিপদ।\r\n\r\nআমি কেমন করে সেটি বিশ্বাস করব? তুমি হচ্ছ চাল–চুলোহীন ভবঘুরে একজন মানুষ? তোমাকে বিশ্বাস করার কী কারণ আছে?\r\n\r\nআছে। দোহাই তোমার– আমি কাতর গলায় বললাম, আমার চোখের দিকে তাকাও–দেখো আমি সত্যি কথা বলছি কি না।\r\n\r\nক্ৰানা আমার চোখের দিকে তাকাল, তাকিয়ে মাথা নেড়ে বলল, আমি দুঃখিত। আমি খুব দুঃখিত। আমি পারব না।\r\n\r\nক্ৰানা উঠে দাঁড়াল, হাতের কবজিতে ছোট একটা সার্জিক্যাল টেপ লাগিয়ে আমার হাতে একটা প্যাকেট ধরিয়ে দিয়ে বলল, এর ভেতরে দুটি বলকারক ট্যাবলেট দিয়েছি। খিদে পেলে খেও। রক্তক্ষরণ হয়েছে, দুর্বল লাগতে পারে।\r\n\r\nআমি কোনো কথা বললাম না, অত্যন্ত আশাভঙ্গ হয়ে ক্রানার দিকে তাকিয়ে রইলাম, আমি বড় আশা করেছিলাম যে এই মেয়েটি ব্যাপারটির গুরুত্বটুকু বুঝবে। মেয়েটি বুঝল না।\r\n\r\nক্ৰানা চলে যাবার পর জিগি আমার দিকে এক ধরনের বিস্ময় এবং আতঙ্ক নিয়ে তাকিয়ে রইল, খানিকক্ষণ চেষ্টা করে বলল, আমার ধারণা ছিল তুমি মানুষটা স্বাভাবিক। ধীরস্থির, ঠাণ্ডা মেজাজের মানুষ। আমার ধারণাটা সত্যি নয়।\r\n\r\nআমি কষ্ট করে হাসার চেষ্টা করে বললাম, তোমার ধারণাটা আসলে সত্যি। বিশ্বাস কর।\r\n\r\nকেমন করে বিশ্বাস করব? যে মানুষ এভাবে নিজের হাতের ধমনি কেটে ফেলে প্র\r\n\r\nয়োজনে কাটতে হয়—\r\n\r\nজিগি চিৎকার করে বলল, প্রয়োজনে? প্রয়োজনে?\r\n\r\nহ্যাঁ।\r\n\r\nজিগি চিৎকার করে নিশ্চয়ই আরো কথা বলত কিন্তু তার আগেই খুট করে শব্দ হল এবং দরজাটা খুলে গেল। আমি দেখতে পেলাম খ্রাউস ভেতরে এসে ঢুকেছে। আমাদের থেকে খানিকটা নিরাপদ দূরত্বে দাঁড়িয়ে সে খানিকক্ষণ চুপ করে দাঁড়িয়ে রইল, তারপর একটা নিশ্বাস ফেলে বলল, আশ্চর্য!\r\n\r\nঠিক কোন ব্যাপারটি নিয়ে আশ্চর্য বলেছে আমি জানি না, কিন্তু সেটি নিয়ে কথা বলতে ইচ্ছে করল না। উস আবার বলল, আশ্চর্য আমার এখনো বিশ্বাস হচ্ছে না যে আমি তোমাদের কাছে এসেছি।\r\n\r\nআমি এবারে জিজ্ঞেস না করে পারলাম না, কী জন্যে এসেছ?\r\n\r\nএকটা জিনিস জানার জন্যে।\r\n\r\nকী জিনিস?\r\n\r\nআমি নিশ্চিত তোমরা জান না–তবু কৌতূহল হচ্ছে তাই জিজ্ঞেস করছি। তোমরা কি জান পরাবাস্তব জগতে রিয়া কেন এখনো বেঁচে আছে? তার বেঁচে থাকার কথা নয়। সাতদিন পর তাকে খুন করার জন্যে নুরিগাকে পাঠিয়েছি, তার হাতে অস্ত্র তুলে দেওয়া হয়েছে–তার পরও রিয়া এখনো বেঁচে আছে কেন?\r\n\r\nআমার মুখে হাসি ফুটে উঠল, আমি বললাম, হ্যাঁ জানি।\r\n\r\nখ্রাউস চমকে উঠে আমার দিকে তাকাল, সত্যি জান?\r\n\r\nহ্যাঁ। সত্যি জানি।\r\n\r\nখ্রাউস একটা নিশ্বাস ফেলে বলল, আমার জানার খুব কৌতূহল হচ্ছে। বলো, কেন?\r\n\r\nআমার অনুমান যদি সত্যি হয়ে থাকে তা হলে নুরিগা এখন পরাবাস্তব জগতে আমাকে এবং রিয়াকে সাহায্য করছে।\r\n\r\nঅসম্ভব। খ্রাউস মুখ বিকৃত করে বলল, নুরিগা হচ্ছে পৃথিবীর সবচেয়ে খারাপ মানুষ। তার চরিত্রের প্রত্যেকটা দিক তুলে আনা হয়েছে পৃথিবীর বড় বড় অপরাধীদের ভেতর থেকে। তার চরিত্র হচ্ছে পৃথিবীর সবচেয়ে জঘন্য মানুষের চরিত্র। শুধু তাই না, রিয়া সম্পর্কে তার মনকে আমরা বিষাক্ত করে পাঠিয়েছি।\r\n\r\nআমি আনন্দে হা–হা করে হেসে বললাম, ভুল! তুমি ভুল। নুরিগা পৃথিবীর সবচেয়ে খারাপ মানুষ নয় সত্যি কথা বলতে কী একজন মানুষ কখনো সবচেয়ে খারাপ হয় না। তোমরা যেসব খারাপ মানুষের জিন্স এনেছ খোঁজ নিয়ে দেখো তারাও খারাপ মানুষ হয়ে জন্মায় নি–তারা ধীরে ধীরে খারাপ হয়েছে। পরিবেশ তাদের খারাপ করেছে।\r\n\r\nতুমি বলতে চাইছ নুরিগা স্বাভাবিক একটা মানুষ?\r\n\r\nআমি বিশ্বাস করি তাকে স্বাভাবিক একটা মানুষ হিসেবে গড়ে তোলা যাবে।\r\n\r\nখ্রাউস মাথা নাড়ল, অসম্ভব। হতেই পারে না।\r\n\r\nতুমি নিজেই তার প্রমাণ দেখেছ–নুরিগা এখন রিয়া আর আমার সাথে সাথে পরাবাস্তব জগতে ঘুরছে। আমার ধারণা–\r\n\r\nতোমার ধারণা?\r\n\r\nআমার ধারণা সেখান থেকে তোমাদের ওপর তারা একটা বড় হামলা করবে।\r\n\r\nখ্রাউসকে কেমন যেন হতচকিত এবং ক্রুদ্ধ দেখায়। আমি ষড়যন্ত্রীদের মতো গলায় বললাম, তোমরা কেন নুরিগাকে পৃথিবীর সবচেয়ে খারাপ মানুষ হিসেবে তৈরি করেছিলে আমি জানি না। কিন্তু এ ব্যাপারে আমি তোমাকে সাহায্য করতে পারি।\r\n\r\nকী সাহায্য?\r\n\r\nতুমি এবং তোমার দলবল নুরিগা থেকে হাজার গুণ বেশি খারাপ মানুষ। তোমরা নিজেদের ব্যবহার করতে পার।\r\n\r\nখ্রাউস রক্তচক্ষু করে আমার দিকে তাকাল, তারপর হিংস্র গলায় বলল, তোমার দুঃসাহস দেখে আমি অবাক হয়ে গেছি। তুমি জান আমি তোমাকে কী করতে পারি?\r\n\r\nআসলে জানি না। আমি মাথা নেড়ে বললাম, তুমি সম্ভবত আর দশজন মানুষ থেকে অনেক বেশি নিষ্ঠুর আমাদের নিয়ে হয়তো অনেক কিছুই করতে পার। কিন্তু তাতে এখন আর কিছু আসে–যায় না।\r\n\r\nখ্রাউস আরো কিছু একটা বলতে যাচ্ছিল ঠিক তখন তার যোগাযোগ মডিউলটা শব্দ করে ওঠে, সে কানে লাগিয়ে কিছু একটা শুনে বলল, চমৎকার। দুজনকেই লঞ্চ প্যাডে। নিয়ে যাও। তারপর মডিউলটা পকেটে রেখে আমাদের বলল, তোমরা একদিকে খুব সৌভাগ্যবান যে, আমার হাতে যথেষ্ট সময় নেই। তাই তোমাদের মৃত্যুটাকে সেরকম আকর্ষণীয় করতে পারব না।\r\n\r\nতুমি হয়তো সেরকম সৌভাগ্যবান নও। আমি মুখে হাসি টেনে বললাম, নুরিগা যখন পরাবাস্তব জগতে গিয়েছে আমি তখন তাকে দিয়ে একটা খবর পাঠিয়েছিলাম। খবরটা কি শুনতে চাও?\r\n\r\nখ্রাউস হিংস্র চোখে আমার দিকে তাকাল, বলল, কী খবর?\r\n\r\nরক্তের রঙ লাল। একটু থেমে বললাম, সবুজ নয়!\r\n\r\nখ্রাউস বিস্ফারিত চোখে আমার দিকে তাকিয়ে রইল, মনে হল সে আমার কথা বিশ্বাস করতে পারছে না। কয়েকবার চেষ্টা করে বলল, কী বললে?\r\n\r\nবলেছি রক্তের রঙ লাল–সবুজ নয়।\r\n\r\nএক মুহূর্তের জন্যে মনে হল খ্রাউস বুঝি আমার ওপর ঝাঁপিয়ে পড়বে। কিন্তু শেষ পর্যন্ত ঝাঁপিয়ে পড়ল না, দরজাটা সশব্দে বন্ধ করে বের হয়ে গেল। জিগি আমার দিকে তাকিয়ে বলল, কী হচ্ছে এখানে? আমি কিছু বুঝতে পারছি না।\r\n\r\nআমার হঠাৎ এক ধরনের ক্লান্তি লাগতে থাকে। পিছিয়ে এসে দেওয়ালে হেলান দিয়ে বসে আমি জিগির দিকে তাকিয়ে বললাম, মনে আছে একটু আগে তুমি আমাকে পরাবাস্তব জগতে পাঠিয়েছিলে?\r\n\r\nহ্যাঁ। মনে আছে।\r\n\r\nসেখানে আমি খ্রাউসকে খুন করার জন্যে একটা ধাতব দণ্ড দিয়ে আঘাত করেছিলাম। আঘাতে কানের নিচে ফেটে গিয়ে রক্ত বের হয়ে এসেছিল।\r\n\r\nজিগি অবাক হয়ে বলল, তুমি–তু–তুমি আঘাত করেছিলে? খ্রাউসকে?\r\n\r\nহ্যাঁ। আমি নিশ্বাস ফেলে বললাম, আঘাত করাটা গুরুত্বপূর্ণ নয়। মানুষ হঠাৎ করে রেগে গেলে তো একজন আরেকজনকে আঘাত করতেই পারে। যেটা গুরুত্বপূর্ণ সেটা হচ্ছে–\r\n\r\nসেটা হচ্ছে?\r\n\r\nখ্রাউসের কানের নিচে কেটে যে রক্ত বের হয়েছিল সেটা। সেই রক্তের রঙ ছিল সবুজ।\r\n\r\nজিগি চমকে উঠে বলল, কী বলছ তুমি?\r\n\r\nহ্যাঁ।\r\n\r\nঅসম্ভব। এটা হতে পারে না।\r\n\r\nএটা হয়েছে। আমি জানি।\r\n\r\nজিগি আমার দিকে তীক্ষ্ণ দৃষ্টিতে তাকিয়ে বলল, এর অর্থ কী?\r\n\r\nআমার ধারণা খ্রাউস মানুষ নয়।\r\n\r\nমানুষ নয়?\r\n\r\nনা। আমি মাথা নাড়লাম। খ্রাউস এন্ড্রয়েড, সাইবর্গ বা রোবটও নয়। খ্রাউস হচ্ছে। একটা ডিকয়।\r\n\r\nডিকয়?\r\n\r\nহ্যাঁ। আমাদের পৃথিবীর প্রযুক্তি পরাবাস্তব জগৎ তৈরি করার জন্যে এখনো প্রস্তুত হয় নি। কিন্তু দেখতেই পাচ্ছ এখানে সেই প্রযুক্তি আছে। কারণ কোনো এক মহাজাগতিক প্রাণী সেই প্রযুক্তি পাঠিয়েছে। পৃথিবীর মানুষের সাথে যোগাযোগ করেছে যে ইন্টারফেস সেটাই হচ্ছে খ্রাউস। খ্রাউস হচ্ছে সেই ডিকয়। মানুষের মতো কিন্তু মানুষ নয়। তাই রক্ত সবুজ।\r\n\r\nযারা এত কিছু করতে পারে তারা রক্তের রঙ লাল করতে পারে না?\r\n\r\nনিশ্চয়ই পারে। কিন্তু আমি যে খ্রাউসকে দেখেছি সে ছিল পরাবাস্তব জগতে। সেখানে আমার কিংবা আর কারো যাবার কথা ছিল না। সেজন্যে মাথা ঘামায় নি। সেখানে আমি শুধু উসকে দেখি নি–আরো অনেক বিচিত্র জিনিস দেখেছি। যার অনেক কিছু সম্ভবত মহাজাগতিক\r\n\r\nকী বলছ তুমি?\r\n\r\nহ্যাঁ। তোমাকে বলার সুযোগ পাই নি।\r\n\r\nআমি দেওয়ালে মাথা রাখলাম, হঠাৎ করে আমি এক ধরনের ক্লান্তি অনুভব করি। কোনো কিছু করতে না পারা থেকে এক ধরনের অসহায় ক্রোধ। সেই ক্রোধ থেকে ক্লান্তি। জিগি আমার ওপর ঝুঁকে পড়ে বলল, তোমাকে খুব ক্লান্ত দেখাচ্ছে।\r\n\r\nহ্যাঁ। হঠাৎ করে দুর্বল লাগছে।\r\n\r\nডাক্তার মেয়েটি তোমাকে বলকারক একটা ওষুধ দিয়ে গেছে তুমি খাও।\r\n\r\nআমি জিগির দিকে তাকিয়ে হাসার চেষ্টা করে বললাম, শরীরে বল বাড়িয়ে কী হবে? খ্রাউস এই মুহূর্তে পরিকল্পনা করছে কীভাবে আমাদের নিশ্চিহ্ন করবে।\r\n\r\nকরুক। জিগি কানার দিয়ে যাওয়া প্যাকেটের ভেতরে তাকিয়ে অবাক হয়ে বলল, কোথায়? এখানে কোনো ওষুধ নেই। একটা কার্ড।\r\n\r\nকার্ড?\r\n\r\nআমি চমকে সোজা হয়ে বললাম, কী কার্ড?\r\n\r\nক্রানার সিকিউরিটি কার্ড!।\r\n\r\nমুহূর্তে আমার শরীর থেকে সকল দুর্বলতা উধাও হয়ে গেল। আমি সমস্ত স্নায়ুতে এক ধরনের তীব্র উত্তেজনা অনুভব করলাম। কানা আসলে আমাকে বিশ্বাস করেছে, তার জীবনের ঝুঁকি নিয়ে সে আমাকে তার সিকিউরিটি কার্ডটি দিয়েছে, তার মানে আমাদের সামনে এখনো একটি সুযোগ রয়েছে। আমার শরীরে এড্রেনেলিনের প্রবাহ শুরু হয়ে গেল। আমি লাফিয়ে উঠে দাঁড়িয়ে জিগিকে বললাম, চলল।\r\n\r\nকোথায়, কেন, কীভাবে, কখন এসব নিয়ে জিগি এতটুকু মাথা ঘামাল না, সেও লাফিয়ে উঠে বলল, চলো।', 'তারিকুল ইসলাম', '2023-04-17 15:09:02', 'Krana.jpg', 'published', 'ছোট, রুপকথা, বিজ্ঞান', 0, 1);
INSERT INTO `posts` (`post_id`, `post_category_id`, `post_title`, `post_content`, `post_author`, `post_date`, `post_image`, `post_status`, `post_tags`, `post_views`, `post_user_id`) VALUES
(28, 2, 'ম্যাক্সওয়েলের সমীকরণ', 'ম্যাক্সওয়েলের সমীকরণ\r\nপ্রকাশিত হয়েছে : ডিসেম্বর 7, 2019\r\nগল্প লিখেছেন : মুহম্মদ জাফর ইকবাল\r\nম্যাক্সওয়েলের সমীকরণ\r\nঘর থেকে খুব সাবধানে আমি মাথা বের করলাম। দীর্ঘ করিডরে কেউ নেই। আমি হাত দিয়ে জিগিকে ইঙ্গিত করতেই সে আমার পিছু পিছু বের হয়ে এল। ক্রানার সিকিউরিটি কার্ড ব্যবহার করে বন্ধ ঘরের ভেতর থেকে বের হয়ে এসেছি, কাজেই কোথাও কোনো এলার্ম বেজে ওঠার কথা নয় কিন্তু তবু আমি কান পেতে একটু শোনার চেষ্টা করলাম, চারপাশে এক ধরনের সুনসান নীরবতা।\r\n\r\nআমি আর জিগি পাশাপাশি দ্রুত হেঁটে যেতে থাকি। এই কেন্দ্রটি সম্পর্কে স্পষ্ট ধারণা নেই, কোথায় যাচ্ছি ভালো করে জানি না তবুও এখান থেকে একটু দ্রুত সরে যেতে হবে। করিডরের অন্য মাথায় পৌঁছানোর আগেই অন্য পাশ থেকে দুটি সাইবর্গ হেঁটে আসতে দেখলাম, তাদের চোখে-মুখে সাইবর্গসুলত এক ধরনের উদ্ভ্রান্ত দৃষ্টি, আমি এবং জিগি মুহূর্তের জন্যে খুব বিপন্ন অনুভব করি কিন্তু সাইবর্গ দুটো আমাদের দুজনকে পাশ কাটিয়ে হেঁটে চলে গেল। ক্রানার সিকিউরিটি কার্ডটি সম্ভবত আমাদেরকে নিরাপদ মানুষ হিসেবে চারপাশে একটি সংকেত পাঠাচ্ছে।\r\n\r\nসাইবর্গ দুটি পাশ কাটিয়ে বেশ খানিকটা দূরে সরে আসার পর জিগি তার বুকের মাঝে আটকে থাকা নিশ্বাসটি বের করে দিয়ে বলল, এভাবে হাঁটা উচিত হচ্ছে না, যে কোনো মুহূর্তে ধরা পড়ে যাবে।\r\n\r\nহ্যাঁ। আমি মাথা নাড়লাম, চলো কোথাও আগে লুকিয়ে পড়ি।\r\n\r\nকরিডরের দুই পাশে ছোট ছোট ঘর। কোথায় কী আছে জানা নেই, সিকিউরিটি কার্ডটি থাকার জন্যে সম্ভবত এর কোনো একটিতে আমরা লুকিয়ে পড়তে পারব। আমি সাবধানে একটি ঘর খুলে উঁকি দিলাম, ভেতরে কেউ নেই। আমি আর জিগি সাবধানে ভেতরে ঢুকে দরজা বন্ধ করে দিয়ে আবার একটা লম্বা নিশ্বাস ফেললাম। এই ঘরটি ইলেকট্রিক্যাল পাওয়ার এবং ডাটা লাইনের একটা সংযোগ কেন্দ্র বিন্ডিংটির নানা অংশ থেকে নানা ধরনের। তার, ফাইবার এবং ক্যাবল এখানে এসে একত্র হয়ে চারদিকে ছড়িয়ে পড়েছে। কান পেতে থাকলে এখানে স্বল্প কম্পনের চাপা একটি গুঞ্জন ধ্বনি শোনা যায়।\r\n\r\nআমি মাকড়সার জালের মতো ছড়ানো–ছিটানো তার, ফাইবার এবং ক্যাবল থেকে দৃষ্টি সরিয়ে ঘরের অন্যান্য যন্ত্রপাতি লক্ষ করছিলাম তখন হঠাৎ করে জিগির বিস্ময়ধ্বনি শুনতে পেলাম, ওরে সর্বনাশ!\r\n\r\nআমি জিগির দিকে ঘুরে তাকালাম, কী হয়েছে?\r\n\r\nজিগি হাত দিয়ে কালো রঙের মোটা একটি ক্যাবল দেখিয়ে বলল, এই দেখ।\r\n\r\nএটা কী?\r\n\r\nপাওয়ার ক্যাবল। সুপার কন্ডাক্টিং পাওয়ার ক্যাবল, জিগা–ওয়াট২২ পাওয়ার নেওয়ার ব্যবস্থা।\r\n\r\nজিগা–ওয়াট? আমি অবাক হয়ে বললাম, কী বলছ তুমি? এই ছোট বিল্ডিঙের মাঝে জিগা–ওয়াট পাওয়ার ক্যাবল?\r\n\r\nহ্যাঁ।\r\n\r\nকেন?\r\n\r\nসেটা আমারও প্রশ্ন। জিগি ভুরু কুঁচকে চিন্তা করার চেষ্টা করে বলল, এটা অসম্ভব। এই বিল্ডিঙের যে পরিমাণ শক্তি দরকার তার জন্যে এত পাওয়ার লাগার কোনো কারণ নেই। তুমি জান সুপার কষ্টিং পাওয়ার ক্যাবল তৈরি করতে কী পরিমাণ যন্ত্রণা?\r\n\r\nআমি মাথা নাড়লাম, বললাম, জানি।\r\n\r\nশুধুমাত্র লিকুইড হিলিয়াম সাপ্লাই চালু রাখতেই বারোটা বেজে যায়। অন্য ব্যাপার তো ছেড়েই দাও।\r\n\r\nতা হলে এটা এখানে কেন আছে?\r\n\r\nজিগি তার পোশাকের ঝুলে থাকা অংশগুলো ট্রাউজারের ভেতর খুঁজে নিয়ে বলল, চলো বের করে ফেলি।\r\n\r\nবের করে ফেলবে?\r\n\r\nহ্যাঁ। করিডর দিয়ে হাঁটাহাঁটি করলে এমনিতেই ধরা পড়ার ভয়। তার চাইতে ধরো এই পাওয়ার ক্যাবল ধরে ঝুলতে ঝুলতে যাই।\r\n\r\nজিগি ঠাট্টা করছে না সত্যি বলছে বুঝতে আমার একটু দেরি হল–আমি তার চোখের দিকে তাকিয়ে বুঝতে পারলাম সে ঠাট্টা করছে না সত্যিই বলছে। আমি ইতস্তত করে বললাম, কাজটা খুব সহজ হবে?\r\n\r\nমনে হয় না। কিন্তু সেটা কি বিবেচনার একটি বিষয়?\r\n\r\nআমি মাথা নাড়লাম, জিগি ঠিকই বলেছে, এটি বিবেচনার বিষয় নয়। গত দুএকদিনে আমরা যা যা করেছি তার তুলনায় এটা বিবেচনার কোনো বিষয়ই নয়।\r\n\r\nপাওয়ার ক্যাবলটি মোটা, সাপের মতো এঁকেবেঁকে গিয়েছে, স্পর্শ করলে ক্রায়োজেনিক পাম্পের কম্পন অনুভব করা যায়। আমি আর জিগি ক্যাবলটির ওপর দিয়ে হেঁটে, কখনো এটা ধরে ঝুলে ঝুলে, কখনো সরীসৃপের মতো পিছলে পিছলে অগ্রসর হতে থাকি। মাঝে মাঝে আরো নানা ধরনের তার, ক্যাবল এবং ফাইবার এটার ওপর দিয়ে চলে গিয়েছে। কিছু। কিছু রীতিমতো বিপজ্জনক, খুব সাবধানে অগ্রসর হতে হয়। ক্যাবলটি সোজা এগিয়ে গিয়ে হঠাৎ করে নিচে নামতে লাগল, জিগি অবাক হয়ে বলল, কী আশ্চর্য! দেখো এটা কত নিচে নেমে গেছে।\r\n\r\nআমিও অবাক হয়ে দেখলাম সত্যি সত্যি পাওয়ার ক্যাবলটি প্রায় অতল পাতালে নেমে গিয়েছে। এত প্রচণ্ড শক্তি নিচে কোথায় নেমে গিয়েছে চিন্তা করে এবারে আমরা সত্যি। কৌতূহলী হয়ে উঠি।\r\n\r\nক্যাবলটি বেয়ে বেয়ে নিচে নামা সহজ নয়, হাত ফসকে গেলে নিচে কোথায় গিয়ে পড়ব জানা নেই, কিন্তু এখন আর এত ভাবনাচিন্তার সময় নেই। দুজনে ক্যাবলটি জাপটে ধরে সরসর করে নিচে নামতে থাকি। এদিক দিয়ে কখনো মানুষ যায় না, বাতাসের প্রবাহ অপর্যাপ্ত এবং দূষিত। কিছুক্ষণেই আমরা কালিঝুলি মেখে ধুলায় ধূসরিত হয়ে গেলাম। নিচে নামতে নামতে যখন মনে হচ্ছিল হাতে আর শক্তি নেই আর একমুহূর্তও ঝুলে থাকতে পারব না, তখন দুজনে ঝুপঝুপ করে নিচে নেমে এলাম।\r\n\r\nজায়গাটি একটি বড় হলঘরের মতো, চারদিকে নানা ধরনের যন্ত্রপাতি ছড়ানো। হলঘরের মাঝখানে গোলাকার একটা শক্ত কংক্রিটের ঘর। আমরা যে ক্যাবলটি বেয়ে নেমে এসেছি সেটা এই ঘরের ভেতরে গিয়ে ঢুকেছে, তুলনামূলকভাবে ছোট একটি ঘরের মাঝে এই বিশাল পরিমাণ শক্তি কেমন করে ব্যবহার করা হচ্ছে আমরা বুঝতে পারলাম না।\r\n\r\nআমি আর জিগি সাবধানে গোলাকার ঘরটি ঘুরে এলাম, এক পাশে উঁচু টিউবের মতো ছোট একটা করিডর, এর কাছাকাছি একটা লিফট নেমে এসেছে। আমরা যে জায়গাটিতে আছি সেটি মূল অংশের পেছনের সার্ভিস এরিয়া, মানুষজন আসে না। লিফট দিয়ে নেমে এই টিউবের মতো করিডর ধরে লোকজন মাঝখানের গোলাকার অংশটিতে ঢুকতে পারে। লিফট থেকে চাপা গুম গুম শব্দ শুনে বুঝতে পারছি সেটা উপরে উঠছে এবং নিচে নামছে, সম্ভবত লোকজন আসছে এবং যাচ্ছে। আমরা করিডর ধরে হেঁটে একটা দরজা পেলাম, ইচ্ছে করলে এটা খুলে করিডরের ভেতরে যেতে পারি কিন্তু এই মুহূর্তে সেখানে লোকজনের যাতায়াতের শব্দ শোনা যাচ্ছে, কাজেই ভেতরে ঢোকা বুদ্ধিমানের কাজ হবে না।\r\n\r\nআমরা আবার গোলাকার ঘরটির কাছে ফিরে এলাম, জিগির দিকে তাকিয়ে জিজ্ঞেস করলাম, কী আছে এই ঘরটায়?\r\n\r\nজিগি মাথা নাড়ল, বলল, জানি না। পরিচিত কিছু নয়, এত ছোট জায়গায় এত শক্তির প্রয়োজন হয় সেরকম কিছু আমার জানা নেই।\r\n\r\nআমি ঘুরে চারদিকে তাকালাম, জায়গাটা একটা মঞ্চের পেছনের অংশের মতো– সামনে কী হচ্ছে পেছন থেকে কিছু বোঝার উপায় নেই।\r\n\r\nআমি আর জিগি গোলাকার ঘরটির কাছে এগিয়ে গেলাম। দূর থেকে বোঝা যায় না কিন্তু কাছে এলে দেখা যায় এর দেওয়ালে বিচিত্র এক ধরনের নকশা, পৃথিবীতে কোথাও এরকম নকশা নেই, দেখেই মনে হয় এটি মানুষের হাতে তৈরি নয়। আমি হাত দিয়ে স্পর্শ করতেই নকশাটি একটু সরে গেল, যেন এটি একটি জীবন্ত প্রাণী। আমি চমকে উঠলাম, দেওয়ালটি সরীসৃপের দেহের মতো শীতল। আমি হতচকিত হয়ে জিগির দিকে তাকালাম। জিগি অবাক হয়ে বলল, কী হয়েছে?\r\n\r\nআমি এরকম একটা জিনিস পরাবাস্তব জগতে দেখেছি। খ্রাউস বলেছে এটা মহাজাগতিক প্রাণীর সাথে যোগাযোগের ইন্টারফেস।\r\n\r\nনিজের অজান্তেই জিগি দুই পা পেছনে সরে এসে বলল, এটা মহাজাগতিক প্রাণীর ইন্টারফেস?\r\n\r\nহ্যাঁ।\r\n\r\nতার মানে তার মানে এটা একটা মহাকাশযান?\r\n\r\nমহাকাশযান? মাটির তলায়? আমি চারদিকে তাকিয়ে অবাক হয়ে বললাম, এটা বের হবে কেমন করে? কোথাও তো বের হবার জায়গা নেই।\r\n\r\nনিশ্চয়ই স্পেস টাইম কনটিনিউয়াম ভেদ করে যাবে, নিশ্চয়ই ওয়ার্মহোল তৈরি করে বের হয়ে যাবে। এই জন্যে এত বিশাল শক্তির দরকার। জিগির চোখ উত্তেজনায়। চকচক করতে থাকে, এখন বুঝতে পারছি কেন এই সুপার কন্ডাক্টিং ক্যাবল এখানে এসেছে।\r\n\r\nআমি হঠাৎ করে বিদ্যুৎস্পৃষ্টের মতো চমকে উঠলাম, বললাম, মনে আছে খ্রাউস বলেছিল দুজনকে লঞ্চ প্যাডে নিয়ে যাও। নিশ্চয়ই এটাই সেই লঞ্চ প্যাড। এখান থেকেই মহাকাশযান উড়ে যাবে।\r\n\r\nকিন্তু কোন দুজন?\r\n\r\nআমার মনে হয় রিয়া আর নুরিগা। পৃথিবীর সবচেয়ে নিখুঁত মানবী আর পৃথিবীর সবচেয়ে খারাপ মানব।\r\n\r\nজিগি মাথা নাড়ল, তারপর বলল, ঠিকই বলেছ, সেজন্যেই এখানে এত কাজকর্ম। হচ্ছে। লোকজন যাচ্ছে আসছে। সবকিছু প্রস্তুত করছে।\r\n\r\nআমি একটা বড় নিশ্বাস নিয়ে বললাম, কিন্তু এটা তো কিছুতেই করতে দেওয়া যাবে। পৃথিবীর মানুষকে তো মহাজাগতিক প্রাণীর হাতে তুলে দেওয়া যাবে না। কিছুতেই না।\r\n\r\nতুমি কী করবে?\r\n\r\nথামাব।\r\n\r\nকীভাবে থামাবে?\r\n\r\nআমি জানি না।\r\n\r\nজিগি আমার দিকে তাকিয়ে সহৃদয়ভাবে হেসে ফেলল।\r\n\r\nআমি এই বিশাল হলঘরটির দিকে তাকালাম, এটি মূল লঞ্চ প্যাডের আড়ালের অংশটুকু এখানে সচরাচর কেউ আসে না। যন্ত্রপাতিগুলো অবিন্যস্তভাবে ছড়ানো আছে। নানা ধরনের তার এবং ফাইবার ঝুলছে, মনিটর থেকে আলো বের হচ্ছে। বড় বড় ধাতব খণ্ড এখানে সেখানে ছড়ানো। ঘরের ঠিক মাঝামাঝি একটা অতিকায় ক্রেন দাঁড়িয়ে আছে, এই লঞ্চ প্যাড বসানোর সময় নিশ্চয়ই এটা ব্যবহার করা হয়েছে। এখানে মানুষজন আসে না বলে সত্যিকারের আলো নেই, বিভিন্ন যন্ত্রপাতি এবং মনিটরের আলোতে জায়গাটাতে এক ধরনের আলো–আঁধারি ভাব ছড়িয়ে আছে।\r\n\r\nজিগি চারদিকে তাকিয়ে বলল, মহাকাশযানটিকে থামানোর একটি মাত্র উপায়।\r\n\r\nসেটি কী?\r\n\r\nএই জিগা–ওয়াট সুপার কন্ডাক্টিং পাওয়ার ক্যাবলটি কেটে ফেলা, যেন মহাকাশযানটি তার প্রয়োজনীয় শক্তি না পায়।\r\n\r\nআমি জোর করে হাসার চেষ্টা করে বললাম, তোমার ছোট চাকুটা দিয়ে এই সুপার কন্ডাষ্টিং পাওয়ার ক্যাবলটি কাটতে পারবে বলে তো মনে হয় না।\r\n\r\nনা। জিগি মাথা নাড়ল, তুমি যে হাতের ধমনিটা কাটতে পেরেছিলে সেটাই বেশি।\r\n\r\nআমি হলঘরটার চারদিকে তাকালাম, বললাম, এই ক্যাবলটা কাটার মতো সেরকম বড় আর ধারালো কোনো যন্ত্রপাতি এই ঘরে নেই?\r\n\r\nথাকলেও লাভ নেই। ক্যাবলটা কাটলেই তারা বুঝতে পারবে সাথে সাথে তোমাকে ধরে ফেলবে।\r\n\r\nআমি ক্যাবলটার দিকে তাকিয়ে থেকে হঠাৎ চমকে উঠে জিগির দিকে তাকালাম, জিগি অবাক হয়ে বলল, কী হল?\r\n\r\nম্যাক্সওয়েলের সমীকরণ!\r\n\r\nমানে?\r\n\r\nআমরা ম্যাক্সওয়েলের সমীকরণ ব্যবহার করে মহাকাশযান আটকে দিতে পারি!\r\n\r\nম্যাক্সওয়েলের সমীকরণ? তুমি নিশ্চয়ই জান ইলেকট্রনিক্স যে পর্যায়ে গিয়েছে তাতে গত হাজার বছরে ম্যাক্সওয়েলের সমীকরণটি ব্যবহার করার প্রয়োজন হয় নি।\r\n\r\nকিন্তু তাই বলে সমীকরণটি তো মিথ্যা হয়ে যায় নি।\r\n\r\nতা যায় নি। কিন্তু তুমি কীভাবে এটা ব্যবহার করতে চাইছ?\r\n\r\nখুব সহজ। এই ক্যাবলটা দিয়ে জিগা–ওয়াট শক্তি প্রবাহিত হবে এবং দেখাই যাচ্ছে সেটা বৈদ্যুতিক শক্তি। কাজেই এই ক্যাবলটাকে যদি আমরা একটা কয়েলের মতো পেঁচিয়ে তার মাঝখানে ফেরো ম্যাগনেট বসিয়ে রাখতে পারি তা হলে এটা একটা ইন্ডাক্টরের মতো কাজ করবে। তার মানে বুঝেছ?\r\n\r\nজিগির মুখ উজ্জ্বল হয়ে উঠল, বলল, বুঝেছি। স্পেস টাইম কন্টিনিউয়াম ভেদ করার জন্যে একমুহূর্তের মাঝে অচিন্তনীয় পরিমাণ বিদ্যুৎ প্রবাহ হবে, সেই প্রবল প্রবাহ হঠাৎ করে ইন্ডাক্টরে আটকা পড়ে যাবে–যার অর্থ মহাকাশযানটি তার প্রয়োজনীয় বৈদ্যুতিক শক্তি পাবে। না!\r\n\r\nহ্যাঁ। আমি মাথা নেড়ে বললাম, আমি নিশ্চিত শক্তির প্রয়োজনে একটু হেরফের হলেই এটা কাজ করবে না।\r\n\r\nআমিও নিশ্চিত।\r\n\r\nতা হলে কাজ শুরু করে দেওয়া যাক। দেখি ক্যাবলটাকে টেনে কতটুকু প্যাচাতে পারি।\r\n\r\nদাঁড়াও। জিগি হঠাৎ আমার দিকে তীক্ষ্ণ চোখে তাকিয়ে বলল, আমরা কাজটা আরো সুচারুভাবে করতে পারি।\r\n\r\nকীভাবে?\r\n\r\nযদি হিসাব করে নিই কী পরিমাণ ক্যাবলকে কতটুকু প্যাচাতে হবে, মাঝখানে কতটুকু ফেরো ম্যাগনেট রাখতে হবে, পাশে কতখানি রাখতে হবে, ক্যাপাসিটেন্স কত–\r\n\r\nকীভাবে হিসাব করবে?\r\n\r\nজিগি দাঁত বের করে হেসে বলল, আমাদের একটা নিউরাল কম্পিউটার আছে। মনে নেই?\r\n\r\nআমি চমকে উঠলাম, বললাম, তুমি আবার আমার মস্তিষ্ক ব্যবহার করতে চাইছ?\r\n\r\nঅবশ্যই! তা না হলে আমি নিউরাল কম্পিউটার কোথায় পাব?\r\n\r\nঅসম্ভব। আমি মুখ শক্ত করে বললাম, কখনোই নয়। তা ছাড়া তুমি সেই ইন্টারফেস আর সকেট কোথায় পাবে?\r\n\r\nআগেরটা যেখান থেকে পেয়েছিলাম।\r\n\r\nআগেরটা কোথা থেকে পেয়েছিলে? আমি ভেবেছিলাম তুমি নিজে তৈরি করেছ।\r\n\r\nজিগি মাথা নাড়ল, আমি তৈরি করি নি–জুড়ে দিয়েছিলাম। মূল জিনিসটা পেয়েছিলাম একটা সাইবর্গের কপোট্রন থেকে। আমি নিশ্চিত আমরা ঠিক মেটাকোড বলে একটা সাইবর্গ ধরে আনতে পারব।\r\n\r\nআমি হতবাক হয়ে জিগির দিকে তাকিয়ে রইলাম, সে কি সত্যি বলছে নাকি কৌতুক করছে বুঝতে পারছিলাম না–জিগির মুখে অবিশ্যি কৌতুকের কোনো চিহ্ন নেই। আমি কয়েকবার চেষ্টা করে বললাম, তুমি সত্যিই বলছ?\r\n\r\nহ্যাঁ, সত্যিই বলছি। এস তোমার সিকিউরিটি কার্ডটি নিয়ে।\r\n\r\nখুব সাবধানে করিডরের দরজা অল্প একটু ফাঁক করে আমরা ভেতরে তাকালাম। দূরে গোলাকার মহাকাশযানটিকে দেখা যাচ্ছে, তার সামনে এক ধরনের ব্যস্ততা। অন্য পাশে লিফট থেকে নানা ধরনের যন্ত্রপাতি নামিয়ে আনা হচ্ছে। করিডর দিয়ে সাইবর্গরা হেঁটে যাচ্ছে–কোনো একটি বিশেষ কারণে এখানে কোনো মানুষ নেই।\r\n\r\nআমরা হাইব্রিড দুই টাইপের দুটি সাইবর্গকে দেখতে পেয়ে দরজা ফাঁক করে হাতছানি দিয়ে ডাকলাম। সাইবর্গ দুটো কোনো রকম সন্দেহ না করে আমাদের দিকে এগিয়ে এল– ক্রানার সিকিউরিটি কার্ডটি ম্যাজিকের মতো কাজ করছে।\r\n\r\nআমরা তাদের হলঘরের ভেতরে ঢুকিয়ে দরজা বন্ধ করে দিলাম। একটি সাইবর্গ ভুরু কুঁচকে জিজ্ঞেস করল, তোমরা কে? কেন আমাদের ডেকেছ?\r\n\r\nজিগি হাত নেড়ে কিছু একটা বলতে যাচ্ছিল কিন্তু আমি সময় নষ্ট না করে সরাসরি মেটাকোডটি বললাম, কালো গহ্বরে এনিফর্মের নৃত্য।\r\n\r\nআমার কথাটিতে ম্যাজিকের মতো কাজ হল, হঠাৎ করে দুটি সাইবর্গই পাথরের মতো স্থির হয়ে যায়, তাদের দৃষ্টি ঘোলাটে হয়ে আসে এবং কপোট্রনের কোনো একটা অংশ থেকে একটা লাল আলো জ্বলে এক ধরনের ভোঁতা শব্দ করতে থাকে। জিগি সাইবর্গের কাছাকাছি গিয়ে তার মাথায় লাগানো নানা যন্ত্রপাতির ভেতরে কিছু একটা ধরে টানাটানি করতেই একটা অংশ খুলে আসে–সাইবর্গটির প্রকৃত মাথাটি বের হয়ে আসে, এটি চুলহীন ছোট প্রায় অপুষ্ট একটি মাথা। সাইবর্গটির কপোট্রনের নিয়ন্ত্রণ খুলে নেওয়ায় সেটি অসহায় হয়ে পড়ে, আমাদের দিকে ভয়ার্ত দৃষ্টিতে তাকিয়ে হাঁটু ভেঙে নিচে পড়ে বিকারগ্রস্তের মতো কাঁপতে শুরু করে।\r\n\r\nআমি কাছে গিয়ে সাইবর্গটিকে সাহস দেওয়ার চেষ্টা করলাম। নরম গলায় বললাম, তোমার কোনো ভয় নেই। আমরা তোমার কোনো ক্ষতি করব না।\r\n\r\nমাথা থেকে কপোট্রন খুলে নেওয়া অসহায় এবং আতঙ্কিত সাইবর্গটি হামাগুড়ি দিয়ে হলঘরের এক কোনায় পালিয়ে যাওয়ার চেষ্টা করল। যন্ত্র দিয়ে তাকে চালিয়ে নেওয়া হয়, এই যন্ত্রের সহায়তাটুকু সরিয়ে নেওয়া হলে এটি একটি শিশু থেকেও অসহায়। ভীত একটি পশুর মতো সাইবর্গটি বড় একটি ধাতব চৌকোনা বাক্সের পেছনে নিজেকে লুকিয়ে ফেলল।\r\n\r\nআমি এবারে দ্বিতীয় সাইবর্গটির দিকে তাকালাম এটি আমাদের প্রয়োজন নেই কিন্তু সম্ভবত তার কপোট্রন ইন্টারফেস খুলে রাখাটাই সবার জন্যে নিরাপদ। জিগি এগিয়ে তার মাথা থেকে ইন্টারফেসটি খুলে নেয়–এই সাইবর্গের প্রতিক্রিয়া হল আগেরটি থেকেও ভয়ংকর। সেটি মাথা কুটে আকুল হয়ে কাঁদতে শুরু করল। আমি অনেক কষ্টে তাকে শান্ত করে আগের সাইবর্গটির পাশে বসিয়ে দিলাম। দুজন পর মতো জড়াজড়ি করে চৌকোনা বাক্সটির পেছনে মাথা নিচু করে লুকিয়ে রইল। মানুষের মস্তিষ্কের বড় ধরনের ক্ষতি করে দিয়ে তার সাথে যন্ত্রকে জুড়ে দিয়ে ব্যবহার করার এই অমানবিক প্রক্রিয়াটি একটি ক্ষমার অযোগ্য অপরাধ।\r\n\r\nজিগি ইন্টারফেসটি খুলে সেখান থেকে কিছু তার বের করে আনে, যন্ত্রের নানা অংশে টেপাটিপি করে কিছু একটা পরীক্ষা করে বলল, জিনিসটা খুব উঁচুদরের হল না, কিন্তু কাজ করবে।\r\n\r\nআমি শঙ্কিত হয়ে বললাম, উঁচুদরের হল না বলতে তুমি কী বোঝাতে চাইছ?\r\n\r\nতথ্য আদান–প্রদানের ব্যাপারটা তোমার নিজেকেই করতে হবে।\r\n\r\nতার মানে কী?\r\n\r\nতুমি নিজেই বুঝবে। জিগি আমাকে ডাকল, এস। কাছে এস।\r\n\r\nআমি জিগির কাছে এগিয়ে গেলাম। জিগি আমাকে একটা বড় যন্ত্রাংশের ওপর বসিয়ে দিল। আমার হাতে কিছু যন্ত্রপাতি ধরিয়ে দিয়ে সে আমার মাথার পেছনে গিয়ে কিছু একটা করতে থাকে, হঠাৎ করে মনে হল আমার মাথার ভেতরে একটা বিস্ফোরণ ঘটল, চোখের সামনে বিচিত্র ধরনের আলোর বিচ্ছুরণ হতে থাকে, আমি কানের পাশে লক্ষকোটি ঝিঁঝি পোকার ডাক শুনতে থাকি। আমার সমস্ত শরীর পরিপূর্ণ অনিয়ন্ত্রিতভাবে কাঁপতে শুরু করে, মনে হয় কেউ আমাকে গলিত সীসার মাঝে ছুঁড়ে দিয়েছে।\r\n\r\nকতক্ষণ এরকম ছিল জানি না, হঠাৎ মনে হল আমার সমস্ত শরীর হালকা হয়ে গেছে, আমি বাতাসের মাঝে ভাসছি। মনে হল বহু দূর থেকে কেউ একজন আমাকে ডাকছে, আমি কান পেতে শোনার চেষ্টা করলাম। গলার স্বরটি জিগির, সে আমাকে চোখ খুলে তাকাতে বলছে।\r\n\r\nআমি চোখ খুলে তাকালাম, মনে হল সমস্ত জগৎটাকে একটা ছোট ফোকাল লেংথের লেন্স দিয়ে দেখছি, চোখের সামনে সবকিছু নিরবচ্ছিন্নভাবে ঘুরছে। আমি জিগিকে দেখতে পেলাম, সে আমার সামনে হাঁটু গেড়ে বসে আমাকে দুই হাত দিয়ে ধরে রেখেছে। সে ভয় পাওয়া গলায় বলল, ত্রাতুল, তুমি আমার কথা শুনতে পাচ্ছ? তুমি আমাকে দেখতে পাচ্ছ?\r\n\r\nআমি অনেক কষ্ট করে বললাম, পাচ্ছি।\r\n\r\nচমৎকার। যা ভয় পেয়েছিলাম!\r\n\r\nজিগি কেন ভয় পেয়েছিল কেন জানি সেটা জানার কৌতূহল হল না। কারণ হঠাৎ করে আমার মনে হতে লাগল খুব সহজেই পঞ্চম মাত্রার সমীকরণের একটা সমাধান বের করা যেতে পারে। সমীকরণের রাশিমালাগুলো যখন মস্তিষ্কে প্রায় সাজিয়ে ফেলেছি তখন শুনতে পেলাম জিগি জিজ্ঞেস করছে, দশমিকের পর পাইয়ের পঞ্চাশ নম্বর অংকটি কত?\r\n\r\nকেন?\r\n\r\nজানতে চাইছি–দেখি বলতে পারি কি না।\r\n\r\nআমাকে হিসাব করে বলতে হল। রামানুজনের একটি সিরিজ ব্যবহার করে মস্তিষ্কের মাঝে হিসাব করে বললাম, শূন্য।\r\n\r\nতার পরেরটি?\r\n\r\nপাঁচ।\r\n\r\nতার পরেরটি?\r\n\r\nআট। আমি জিগির দিকে তাকিয়ে জিজ্ঞেস করলাম, ঠিক হয়েছে?\r\n\r\nকেমন করে বলব? আমি কি পাইয়ের মান কয়েক শ ঘর পর্যন্ত মুখস্থ করে রেখেছি নাকি?\r\n\r\nতা হলে?\r\n\r\nদেখছি তোমার মস্তিষ্ক হিসাব করার জন্যে প্রস্তুত হয়েছে কি না।\r\n\r\nআমি কিছু না বলে আবার আমার পাঁচ মাত্রার সমীকরণ দিয়ে যেতে চাইলাম কিন্তু জিগি বাধা দিল, সে জিজ্ঞেস করল, এখান থেকে লঞ্চ প্যাডটা দেখতে পাচ্ছ?\r\n\r\nপাচ্ছি।\r\n\r\nআয়তনটা অনুমান কর। কী দিয়ে তৈরি হতে পারে আন্দাজ করে ক্যাপাসিটেন্টটা বের কর।\r\n\r\nআমি হিসাব করে বের করে বললাম, বেশ খানিকটা অনিশ্চয়তা আছে।\r\n\r\nথাকুক। জিগি আমার মাথাটা ঘুরিয়ে সুপার, কন্ডাক্টিং পাওয়ার ক্যাবলটা দেখিয়ে বলল, এখন হিসাব করে বের কর ক্যাবলটা কেমন করে প্যাচাতে হবে, এর মাঝখানে কী ধরনের ফেরো ম্যাগনেট ব্যবহার করবে।\r\n\r\nআমি হাত তুলে জিগিকে থামিয়ে দিলাম, হঠাৎ করে পুরো সমস্যাটা আমার কাছে একেবারে পানির মতো সহজ মনে হতে লাগল। আমি মস্তিষ্কের মাঝে ক্যাবলটা প্যাচানো শুরু করতেই শুধু যে চৌম্বকীয় ক্ষেত্রটা দেখতে শুরু করলাম তা নয়, সময়ের সাথে পরিবর্তনের হারটাও স্পষ্ট হয়ে উঠল। ঘরের মাঝে ছড়ানো–ছিটানো নানা লোহা এবং ইস্পাতের যন্ত্রগুলো মাঝখানে নিয়ে আসা হলে চৌম্বক ক্ষেত্রটা কত গুণ বেড়ে যাবে সেটাও হিসাব করে ফেললাম। শুধু তাই নয়, ঠিক কোথায় একটা মাঝারি আকারের লোহার পাত বসালে সেটা ছুটে এসে ক্যাবলটাকে আঘাত করে ভেতরের ক্রায়োজেনিক পাম্পটাকে অচল করে দিতে পারে সেটাও আমি অনুমান করে নিলাম। ঠিক কতক্ষণ সময়ে তরল হিলিয়াম বাষ্পীভূত হয়ে ঘরটার মাঝে একটা উচ্চচাপের সৃষ্টি করবে কিংবা কতটুকু অংশে সুপার কন্ডাক্টিভিটি নষ্ট হয়ে বিদ্যুৎ প্রবাহের কারণে ক্যাবল উত্তপ্ত হয়ে আগুন ধরে যাবে এই ধরনের নানা বিষয় আমার মস্তিষ্কের মাঝে খেলা করতে লাগল।\r\n\r\nজিগি আমার দিকে তীক্ষ্ণ দৃষ্টিতে তাকিয়েছিল, এবারে তাগাদা দিয়ে বলল, বলো।\r\n\r\nকী বলব?\r\n\r\nহিসাব করে কী করলে?\r\n\r\nসবকিছু বের করেছি।\r\n\r\nআমাকে বলো।\r\n\r\nআমি বিরক্ত হয়ে বললাম, কেন তোমাকে বলব। আমার সব মনে আছে।\r\n\r\nসেই জন্যেই বলছি। তোমার মস্তিষ্কটি এখন একটা নিউরাল কম্পিউটার, তুমি এখন সবকিছু মনে রাখতে পারছ। একটানে যখন ট্রাইকিনিওয়াল ইন্টারফেস খুলে ফেলব, তখন কিছুই তোমার মনে থাকবে না।\r\n\r\nআমার কাছে ব্যাপারটা অবিশ্বাস্য মনে হল, এই সহজ জিনিসগুলো আমার মনে থাকবে কেন? জিগি আমার ওপর ঝুঁকে পড়ে বলল, দেরি করছ কেন? বলো। যদি না বলে তা হলে কিন্তু মহাবিপদ হয়ে যাবে।\r\n\r\nপুরো ব্যাপারটাই আমার কাছে হাস্যকর এবং ছেলেমানুষি মনে হচ্ছিল কিন্তু তবুও আমি জিগিকে বলতে শুরু করলাম। জিগি দ্রুত সেগুলো লিখে নিতে রু করে।\r\n\r\nআমি বুঝতে পারছিলাম আমি ঠিক প্রকৃতিস্থ নই, চোখের সামনে সবকিছুই কেমন জানি দুলছে, জিনিসগুলোর আকার–আকৃতিও ঠিক নেই। সবকিছুকেই কেমন জানি তুচ্ছ এবং অর্থহীন বলে মনে হতে থাকে। না চাইলেও মাথার ভেতরে জটিল সমীকরণ চলে আসতে থাকে এবং অবিশ্বাস্য দ্রুততায় আমি সেগুলো সমাধান করতে থাকি।\r\n\r\nজিগি আমার কাছে এসে দাঁড়িয়ে কিছু একটা বলল, সে কী বলেছে আমি সেটাকে কোনো গুরুত্ব না দিয়ে দ্রুত একটা চুয়াল্লিশ মাত্রার ম্যাট্রিক্স ওল্টানো শুরু করলাম। আমি টের পেলাম জিগি আমার মাথার পেছনে হাত দিয়েছে, কিছু একটা ধরে যাচকা টান দিতেই মাথার ভেতরে। একটা প্রচণ্ড বিস্ফোরণ হল, মুহূর্তের জন্যে চোখের সামনে জগৎসংসার অন্ধকার হয়ে গেল।\r\n\r\nআমি যখন জ্ঞান ফিরে পেলাম তখন জিগি আমার ওপরে ঝুঁকে আতঙ্কিত মুখে আমাকে ডাকছে। আমি চোখ খুলে তাকাতেই তার মুখে হাসি ফুটে উঠল, বলল, এন্ড্রোমিডার দোহাই! তা হলে চোখ খুলে তাকিয়েছ।\r\n\r\nআমি চোখ এবং কপালে এক ধরনের ভোঁতা ব্যথা অনুভব করতে থাকি, কিন্তু সেটাকে উপেক্ষা করে গা ঝাড়া দিয়ে উঠে বসলাম। জিগি আমাকে ধরে সাবধানে দাঁড় করিয়ে দাঁত বের করে হেসে বলল, চমৎকার! নিউরাল কম্পিউটারকে টার্বো মোডে চলানো যায় কি না। তাও পরীক্ষা করে দেখে ফেললাম!\r\n\r\nকী দেখলে?\r\n\r\nযায়।\r\n\r\nদোহাই তোমার– আমি আমার মাথা দুই হাতে চেপে ধরে বললাম, ভবিষ্যতে আর কখনো এই পরীক্ষা করে দেখবে না।\r\n\r\nজিগি মাথা নেড়ে বলল, ঠিক আছে দেখব না। শুধু গাণিতিক অংশটুকু উজ্জীবিত করা যায় বলে শুনেছিলাম–আজকে পরীক্ষা করে দেখলাম! সত্যিই যায়! জিগির অজান্তেই তার মুখ হাসিতে উজ্জ্বল হয়ে উঠল।\r\n\r\nজিগির ধারণা সত্যি–খানিকক্ষণ আগে আমি কী হিসাব করেছিলাম, তার কিছু মনে নেই। জিগি লিখে রাখা হিসাবটুকু দেখে ক্যাবল সাজাতে থাকে। শক্ত মোটা ক্যাবল নাড়তে প্রায় মত্ত হস্তীর শক্তির প্রয়োজন, দুজনের একেবারে কালো ঘাম ছুটে গেল। নির্দিষ্ট ব্যাসার্ধের কয়েল করে তার মাঝখানে বিভিন্ন লোহার যন্ত্রপাতি এনে রাখা হল। কোনটা কোথায় রাখা হবে আমি একেবারে নিখুঁতভাবে বলে দিয়েছি। পুরোটুকু সাজিয়ে যখন শেষ করেছি তখন আমরা দুজনই ঘেমে–নেয়ে গিয়েছি।\r\n\r\nদুজনে দেওয়ালে হেলান দিয়ে মুখ হাঁ করে নিশ্বাস নিতে থাকি। জিগি আমার পিঠে থাবা দিয়ে বলল, চমৎকার! দেখি এখন মহাজাগতিক প্রাণী কেমন করে পৃথিবীর মানুষ নিয়ে পালিয়ে যায়!\r\n\r\nআগেই এত উচ্ছ্বসিত হয়ো না জিগি। এখনো অনেক কাজ বাকি।\r\n\r\nজিগিকে সেটা নিয়ে খুব বিচলিত্ত দেখা গেল না। এরকম সময়ে আমরা আমাদের পেছনে একটু শব্দ শুনতে পেলাম তাকিয়ে দেখি সাইবর্গ দুটো গুটিসুটি মেরে আমাদের পেছনে এসে বসেছে। তাদের চোখে একই সাথে এক ধরনের কৌতূহল এবং আতঙ্ক। আমাদেরকে তীক্ষ্ণ দৃষ্টিতে দেখছে।\r\n\r\nআমি তাদের দিকে তাকিয়ে হাসার চেষ্টা করলাম, কিন্তু সাইবর্গ দুটি আমার হাসি দেখে বিন্দুমাত্র আশ্বস্ত হল না, বরং এক ধরনের ভীতি তাদের ভেতর কাজ করল। উবু হয়ে অনেকটা পশুর মতো দুই হাত এবং এক পায়ে ভর দিয়ে আবার চৌকোনা একটা যন্ত্রের পেছনে লুকিয়ে গেল। জিগি হতাশভাবে মাথা নেড়ে বলল, মাথায় কপোট্রনের ইন্টারফেসটা লাগানো পর্যন্ত এরকমই থাকবে। কী একটা বাজে ব্যাপার।\r\n\r\nমাথায় লাগিয়ে ছেড়ে দেওয়া যায় না?\r\n\r\nনাহ্ আমরা ধরা পড়ে যেতে পারি। জিগি মাথা নাড়ল এবং হঠাৎ করে ঘুরে আমার দিকে তাকাল, একটা কাজ করলে কেমন হয়?\r\n\r\nকী?\r\n\r\nএই সাইবর্গ দুজনের কপোট্রনিক ইন্টারফেসটা যদি আমরা দুজন মাথায় পরে বের হয়ে যাই–তা হলে কেউ আমাদের সন্দেহ করবে না।\r\n\r\nআমি ভুরু কুঁচকে জিগির দিকে তাকালাম, কী বললে?\r\n\r\nআমরা দুজন মাথায় এই বাইবর্গের ইন্টারফেসটা পরে সাইবর্গ সেজে বের হয়ে যেতে পারি। বাইরে গিয়ে দেখতে পারি কী হচ্ছে।\r\n\r\nকিন্তু ওরা বুঝে ফেলবে না?\r\n\r\nনা। সাইবর্গের মতো হাঁটব, চেষ্টা করব কোনো কথা না বলতে, আর যদি বলতেই হয় তা হলে সাইবর্গদের মতো কথা বলব।\r\n\r\nআইডিয়াটা খারাপ না। এই হলঘরের ভেতরে এখন আর দেখার কিছুই নেই। করিডর ধরে হেঁটে গিয়ে মহাকাশযানটিকে হয়তো দেখতে পারি। আমি জিগির দিকে তাকিয়ে বললাম, চলো তা হলে।', 'তারিকুল ইসলাম', '2023-04-17 15:20:57', 'wads.jpg', 'published', 'ছোট, রুপকথা, বিজ্ঞান', 0, 1),
(29, 2, 'পলাতক জীবন', 'পলাতক জীবন\r\nপ্রকাশিত হয়েছে : ডিসেম্বর 5, 2019\r\nগল্প লিখেছেন : মুহম্মদ জাফর ইকবাল\r\nপলাতক জীবন\r\nআগুনটাকে খুঁচিয়ে তার শিখাটাকে একটু বাড়িয়ে দিলাম, রিয়া দুই হাতে সেখান থেকে খানিকটা উষ্ণতা নেওয়ার চেষ্টা করতে করতে বলল, আমি কখনোই চিন্তা করি নি আমাকে এভাবে বন্য পশুর মতো লুকিয়ে থাকতে হবে।\r\n\r\nআমি খুব দুঃখিত রিয়া।\r\n\r\nকেন? তুমি কেন দুঃখিত ত্রাতুল?\r\n\r\nআমার সাথে তোমার দেখা হল বলেই তো এই যন্ত্রণা। আমিই তো প্রথম বুঝতে পেরেছি যে এটা আসলে পরাবাস্তব জগৎ আমরা আসলে কৃত্রিম! যদি সেটা তুমি না জানতে তা হলে তোমার চমৎকার গেস্ট হাউজে আরামে থাকতে\r\n\r\nএকটা সত্য না জেনে আরামে থেকে কী হবে?\r\n\r\nতোমার তাই ধারণা?\r\n\r\nহ্যাঁ। রিয়া মাথা নেড়ে বলল, আমার মনে হয় সত্য কথাটা জানা খুব দরকার। জেনে হয়তো লাভ থেকে ক্ষতি বেশি হয় কিন্তু তবুও জানা দরকার। সত্য হচ্ছে সত্য।\r\n\r\nকিন্তু এটা কী ভয়ংকর একটা ব্যাপার! তুমি চিন্তা করতে পার আমরা কোনো একটা যন্ত্রের ভেতরে রাখা কিছু তথ্য? বিশ্বাস করতে পার?\r\n\r\nরিয়া মাথা নাড়ল, বলল, পারি না।\r\n\r\nসে আরো কিছু একটা বলতে গিয়ে থেমে গেল, আমিও কান পেতে শোনার চেষ্টা করলাম, কোনো একটা বন্য পশু দূর দিয়ে ছুটে পালিয়ে গেল। আমি গোপন তথ্যকেন্দ্রের কিছু যন্ত্রপাতি ব্যবহার করে সত্যিকারের ত্রাতুলের কাছে খবর পাঠানোর পর থেকে আমাদের নিরাপত্তা বাহিনীর লোকজন হন্যে হয়ে খুঁজছে। আমরা সেই থেকে বনে–জঙ্গলে পালিয়ে বেড়াচ্ছি।\r\n\r\nরিয়া একটা নিশ্বাস ফেলে বলল, আমাকে বলেছিল এখানে সাতদিন থাকতে হবে। আজ তো সাতদিন হয়ে যাবে–এখন কী করবে বলে মনে হয়?\r\n\r\nহয়তো তোমার স্মৃতিকে তোমার সত্যিকার অস্তিত্বে স্থানান্তর করে দেবে।\r\n\r\nরিয়া চমকে উঠে বলল, আর তোমাকে?\r\n\r\nআমি তুচ্ছ মানুষ সাধারণ মানুষ। আমার অস্তিত্বকে নিয়ে টানাহ্যাঁচড়া করবে না।\r\n\r\nতা হলে? তা হলে কী হবে?\r\n\r\nযন্ত্রের মাঝে রাখা সেই তথ্যগুলো মুছে দেবে–আমিও মুছে যাব।\r\n\r\nরিয়া এক ধরনের যন্ত্রণাকাতর মুখে আমার দিকে তাকিয়ে রইল, মনে হল সে আমার কথা বিশ্বাস করতে পারছে না। সে মাথা নেড়ে বলল, না না, এ কী করে হয়?\r\n\r\nআমার রিয়ার জন্যে এক ধরনের মায়া হল। তার দিকে তাকিয়ে নরম গলায় বললাম, তুমি এসব নিয়ে মাথা ঘামিও না। যা হবার হবে।\r\n\r\nরিয়া খপ করে আমার দুই হাত ধরে বলল, কী বলছ তুমি যে, যা হবার হবে? তোমার কিছু একটা হলে আমার কী হবে?\r\n\r\nতোমার কিছুই হবে না। আমাদের এই কয়দিনের জীবন একটা স্বপ্নের মতো। তুমি কি স্বপ্নে দেখা কোনো মানুষের জন্যে কষ্ট পাও?\r\n\r\nনা। রিয়া মাথা নেড়ে বলল, এটা স্বপ্ন না। এটা সত্যি।\r\n\r\nআমি কী বলব বুঝতে পারলাম না। রিয়ার দিকে তাকিয়ে বুকের মাঝে সম্পূর্ণ নতুন এক ধরনের কষ্ট অনুভব করতে থাকি। এই অনুভূতির নামই কি ভালবাসা! রিয়ার সুন্দর মুখটির দিকে তাকিয়ে নিশ্চয়ই আমার মুখে এক ধরনের হাসি ফুটে উঠেছিল, কারণ রিয়া আমার দিকে তাকিয়ে বলল, কী হল তুমি হাসছ কেন?\r\n\r\nআমি বললাম, হঠাৎ একটা কথা মনে হল তাই।\r\n\r\nকী কথা?\r\n\r\nসত্যিকারের রিয়া আর সত্যিকারের ত্রাতুলের কথা।\r\n\r\nতাদের কী কথা?\r\n\r\nসত্যিকারের পৃথিবীতে সত্যিকারের রিয়া হচ্ছে রাজকুমারী রিয়া–আর সত্যিকারের ত্রাতুল হচ্ছে একেবারে তুচ্ছ একজন মানুষ। তারা একজন আরেকজনকে চিনেও না। যদি তাদের মাঝে স্মৃতি স্থানান্তর না হয় তা হলে তারা কোনোদিন জানতেও পারবে না এই। পরাবাস্তব জগতে তারা কত কাছাকাছি দুজন মানুষ।\r\n\r\nরিয়া আমার দিকে তাকিয়ে রইল, আমি দেখলাম তার চোখে পানি টলটল করছে, সে হাত দিয়ে চোখের পানি মুছে বলল, এটা চিন্তা করে তুমি হাসছ? হাসতে পারছ?\r\n\r\nআমি রিয়াকে নিজের কাছে টেনে নিয়ে বললাম, তুমি হচ্ছ পৃথিবীর সবচেয়ে নিখুঁত মানুষ, তোমার অনুভূতি পৃথিবীর সবচেয়ে পরিশুদ্ধ অনুভূতি! আমার বেলায় সেটা অন্যরকম, যেটা আনন্দের নয় তার মাঝেও কেমন জানি কৌতুক খুঁজে পাই।\r\n\r\nরিয়া মাথা নাড়ল, বলল, না, তুমি ওরকম করে কথা বলো না, কখনো বলো না।\r\n\r\nআমি কোনো কথা না বলে আগুনের শিখার দিকে তাকিয়ে রইলাম।\r\n\r\n.\r\n\r\nখুব ভোরবেলা হঠাৎ করে আমার ঘুম ভেঙে গেল। আগুনের পাশে কুণ্ডলী পাকিয়ে রিয়া শুয়ে আছে। আমি একটা গাছে হেলান দিয়ে বসে ছিলাম, কখন ক্লান্ত হয়ে ঘুমিয়ে পড়েছি মনে নেই। আমার মনে হল কোনো একজন মানুষের পায়ের শব্দ শুনতে পাচ্ছি, শুকনো পাতা মাড়িয়ে কে যেন এগিয়ে আসছে। ভোরের আবছা আলোতে দেখতে পেলাম একজন। দীর্ঘদেহী মানুষ রিয়ার দিকে এগিয়ে আসছে–মানুষটি এক হাতে আলতোভাবে একটা স্বয়ংক্রিয় অস্ত্র ধরে রেখেছে।\r\n\r\nআমি নিশ্বাস বন্ধ করে তাকিয়ে রইলাম, মানুষটি নিঃশব্দে রিয়ার কাছে এগিয়ে এল, ঘুমন্ত রিয়ার মুখের দিকে তাকিয়ে আবার সোজা হয়ে দাঁড়াল, আবছা আলোতে দেখা যাচ্ছে কিন্তু আমার স্পষ্ট মনে হল তার মুখে এক ধরনের হাসি ফুটে উঠেছে। মানুষটি আমাকে দেখে নি, আমি নিঃশব্দে তার দিকে এগিয়ে যেতে থাকি। যদি সে রিয়াকে আঘাত করার চেষ্টা করে আমার তাকে উদ্ধার করতে হবে। এটি পরাবাস্তব জগৎ হতে পারে, আমাদের অস্তিত্ব কৃত্রিম হতে পারে কিন্তু মানুষগুলো সত্যি।\r\n\r\nমানুষটি তার অস্ত্র হাত বদল করল এবং একটা লিভার টেনে অস্ত্রটি পুরোটা রিসেট করে নিল, সেই শব্দে রিয়া হঠাৎ করে জেগে ওঠে। সে ধড়মড় করে উঠে বসল, বিস্ফারিত চোখে মানুষটির দিকে তাকিয়ে বলল, কে? কে তুমি?\r\n\r\nমানুষটি মাথার এলোমেলো সোনালি চুলকে পেছনে সরিয়ে বলল, আমার কোনো নাম নেই। অনেকে নুরিগা বলে ডাকে। আমি হচ্ছি পৃথিবীর সবচেয়ে খারাপ মানুষ। জিনেটিক ইঞ্জিনিয়ারিং ব্যবহার করে পৃথিবীর সবচেয়ে খারাপ মানুষগুলোর জিন্স নিয়ে আমাকে তৈরি করা হয়েছে।\r\n\r\nরিয়া কোনো কথা না বলে অবাক হয়ে নুরিগার দিকে তাকিয়ে রইল। নুরিগা হাসার মতো ভঙ্গি করে বলল, আমি শুনেছি পৃথিবীর সবচেয়ে ভালো মানুষ হচ্ছ তুমি। তোমাকে দেখার একটা শখ ছিল।\r\n\r\nরিয়া দুর্বলভাবে হাসার চেষ্টা করে বলল, এভাবে দেখা হবে আমি ঠিক বুঝতে পারি নি।\r\n\r\nআমিও পারি নি। আমাকে সব সময় একটা খাঁচার মাঝে শিকল দিয়ে বেঁধে রাখত। এখন কী মনে করে ছেড়ে দিয়েছে।\r\n\r\nছেড়ে দিয়েছে?\r\n\r\nহ্যাঁ। শুধু ছেড়ে দিয়েছে তাই নয়, আমাকে একটা অস্ত্রও দিয়েছে। সেই অস্ত্র নিয়ে সারা রাত তোমাকে খুঁজছি।\r\n\r\nআমাকে খুঁজছ?\r\n\r\nহ্যাঁ। আমাকে বলেছে তোমাকে খুঁজে বের করতে। আমি অবিশ্যি সেজন্যে তোমাকে খুঁজি নি, নিজের কৌতূহলে খুঁজছি।\r\n\r\nরিয়া শুকনো গলায় বলল, কিসের কৌতূহল?\r\n\r\nদেখার কৌতূহল। প্রতিশোধ নেবার কৌতূহল।\r\n\r\nপ্রতিশোধ নেবার?\r\n\r\nহ্যাঁ। দীর্ঘদেহী সোনালি চুলের মানুষটি তার অস্ত্রটি উদ্যত করে বলল, আমি পৃথিবীর সবচেয়ে খারাপ মানুষ হিসেবে জন্ম নিতে চাই নি, কিন্তু আমাকে পৃথিবীর সবচেয়ে খারাপ মানুষ হয়ে জন্ম নিতে হয়েছে এবং শিকল দিয়ে বাঁধা অবস্থায় জীবন কাটাতে হয়েছে। তুমিও পৃথিবীর সবচেয়ে ভালো মানুষ হয়ে জন্ম নিতে চাও নি, কিন্তু তুমি সেভাবে জন্ম নিয়ে পৃথিবীর যত আনন্দ–সুখ সব ভোগ করছ। ব্যাপারটি ঠিক নয়–আমি সেই ত্রুটিটি শোধরাব।\r\n\r\nকিছু বোঝার আগেই আমি দেখতে পেলাম নুরিগা তার স্বয়ংক্রিয় অস্ত্রটি রিয়ার দিকে তাক করেছে। আমার নিশ্বাস বন্ধ হয়ে আসে, সাতদিন পর এভাবে তা হলে রিয়ার অস্তিত্বকে শেষ করে দেবার পরিকল্পনা করেছে? কিন্তু সেটি তো আমি হতে দিতে পারি না আমি নিঃশব্দে এগিয়ে পেছন থেকে মানুষটির ওপর ঝাঁপিয়ে পড়লাম।\r\n\r\nআমার আচমকা আঘাতে মানুষটি পড়ে গেল, তার হাতের অস্ত্রটি একপাশে ছিটকে পড়ল। আমি মানুষটিকে নিচে চেপে রেখে অস্ত্রটি হাতে তুলে নেবার চেষ্টা করলাম কিন্তু মানুষটির শরীরে অমানুষিক জোর, ধাক্কা দিয়ে আমাকে নিচে ফেলে দিয়ে সে হিংস্র ভঙ্গিতে আমার টুটি চেপে ধরে। তার শক্ত লোহার মতো আঙুল আমার গলায় সঁড়াশির মতো চেপে বসে। আমি প্রাণপণে নিজেকে মুক্ত করার চেষ্টা করি কিন্তু তার অমানুষিক শক্তির কাছে আমি একেবারে অসহায়। আমার নিশ্বাস বন্ধ হয়ে আসে, এবং এক ধরনের অক্ষম আক্রোশে আমি মানুষটির মুখের দিকে তাকালাম–সোনালি চুল এবং সবুজ চোখের মানুষটিতে কী ভয়ংকর জিঘাংসা–\r\n\r\nহঠাৎ করে মানুষটির হাত আলগা হয়ে গেল। সে আমার দিকে ঝুঁকে পড়ে বলল, তুমি? তুমি এখানে?\r\n\r\nআমি কাশতে কাশতে কয়েকবার বুক ভরে নিশ্বাস নেবার চেষ্টা করতে করতে বললাম, তুমি আমাকে চেনো?\r\n\r\nমানুষটি অবাক হয়ে বলল, কেন চিনব না? তুমি ভ্রাতুল। একটু আগেই তো তোমার সাথে কথা বললাম!\r\n\r\nআমি মানুষটির দিকে অবাক হয়ে তাকিয়ে রইলাম। সত্যিকার ভাতুলের সাথে এই মানুষটির যোগাযোগ হয়েছে। পৃথিবীর সবচেয়ে খারাপ মানুষটির সাথে তার কেমন করে যোগাযোগ হল?\r\n\r\nনুরিগা নামের মানুষটি আমার দিকে অবাক হয়ে তাকিয়ে থেকে বলল, তুমি এখানে কেমন করে এসেছ?\r\n\r\nআমি গলায় হাত বুলিয়ে বললাম, সে অনেক বড় ইতিহাস।\r\n\r\nনুরিগা মাথা নেড়ে বলল, তোমার সব কাজ, সব কথাবার্তা হেঁয়ালিপূর্ণ, তুমি সোজা ভাষায় কথা বলতে পার না?\r\n\r\nকেন, কী হয়েছে? আমি কী বলেছি?\r\n\r\nতুমি একটু আগে আমাকে বললে, রক্তের রঙ লাল।\r\n\r\nতাই বলেছি? আর কী বলেছি?\r\n\r\nআমাকে জিজ্ঞেস করছ কেন? নুরিগা বিরক্ত হয়ে বলল, তুমি জান না তুমি কী বলেছ!\r\n\r\nতবু আমি তোমার মুখ থেকে শুনতে চাই।\r\n\r\nবলেছ রক্তের রঙ সবুজ নয়। বলেছ আবার যখন দেখা হবে তখন সব বুঝিয়ে বলবে।\r\n\r\nআমি নুরিগার দিকে তাকিয়ে রইলাম, নুরিগা মাথা ঝাঁকিয়ে বলল, আবার দেখা হল এখন বুঝিয়ে বলল।\r\n\r\nআমি কাঁপা গলায় বললাম, বলব। অবিশ্যি বলব। আমাকে একটু ঠাণ্ডা মাথায় ভাবতে দাও।\r\n\r\nঠাণ্ডা মাথায় কী ভাবতে চাও?\r\n\r\nআমার কাছে যে তথ্যটা পাঠানো হয়েছে।\r\n\r\nকে তথ্য পাঠিয়েছে?\r\n\r\nআমি পাঠিয়েছি।\r\n\r\nতুমি পাঠিয়েছ? তুমি কার কাছে পাঠিয়েছ?\r\n\r\nআমি আমার কাছে পাঠিয়েছি।\r\n\r\nনুরিগা চোখ বড় বড় করে আমার দিকে তাকিয়ে রইল।\r\n\r\n.\r\n\r\nরিগাকে প্রকৃত ব্যাপারটি বোঝানো খুব সহজ হল না। বোঝনোর পরও সে আমাদের কথা বিশ্বাস করল না। শেষ পর্যন্ত যখন সে বিশ্বাস করল তখন তার প্রতিক্রিয়াটি হল অত্যন্ত বিচিত্র। প্রথমে এক ধরনের অবর্ণনীয় আতঙ্ক এবং শেষে এক ভয়ংকর ক্রোধ। ক্রোধটি কার ওপর সে জানে না, একবার মনে হল প্রচণ্ড আক্রোশে সে রিয়া এবং আমাকেই শেষ করে দেবে কিন্তু শেষ পর্যন্ত নিজেকে সামলে নিল। ক্রোধটি শান্ত হয়ে যাবার পর তার ভেতরে। এক বিচিত্র দুঃখবোধ এসে ভর করল। আহত পশুর মতো সে দুই হাতে নিজের মাথা আঁকড়ে ধরে হাউমাউ করে কাঁদতে লাগল। রিয়া গভীর মমতায় তার হাত ধরে জিজ্ঞেস করল, তুমি কেন কাঁদছ নুরিগা?\r\n\r\nআমি ভেবেছিলাম আমাকে ওরা মুক্তি দিয়েছে। আমাকে আর শেকল পরে খাঁচার ভেতরে থাকতে হবে না। কিন্তু আসলে মুক্তি দেয় নি। এই অস্তিত্বকে মুক্তি দিয়েছে–যেই অস্তিত্বের কোনো অর্থ নেই, কোনো মূল্য নেই!\r\n\r\nআমি নরম গলায় বললাম, আছে। মূল্য আছে।\r\n\r\nকীভাবে মূল্য আছে?\r\n\r\nআমি এখনো জানি না। কিন্তু মনে নেই ত্রাতুল তোমাকে দিয়ে আমার কাছে খবর পাঠিয়েছে।\r\n\r\nকী খবর পাঠিয়েছে?\r\n\r\nরক্তের রঙ লাল, সবুজ নয়।\r\n\r\nতার অর্থ কী?\r\n\r\nআমি এখনো জানি না–কিন্তু সেই অর্থ খুঁজে বের করতে হবে। আমাদের জানতে হবে কার রক্ত লাল নয় সবুজ।\r\n\r\nকীভাবে সেটি জানবে?\r\n\r\nপ্রথমে যাই নেটওয়ার্ক কেন্দ্রে। লুকিয়ে থাকার দিন শেষ হয়েছে এখন সামনাসামনি প্রশ্ন করতে হবে।\r\n\r\nনুরিগা তার চোখ মুছে উঠে দাঁড়াল, বলল, চলো।\r\n\r\nআমি তার হাত স্পর্শ করে বললাম, নুরিগা!\r\n\r\nকী?\r\n\r\nতুমি পৃথিবীর সবচেয়ে খারাপ মানুষ কথাটি আমি বিশ্বাস করি না।\r\n\r\nনুরিগা একটু হাসল, বলল, তুমি এই কথাটি আগেও আমাকে বলেছ।\r\n\r\nসত্যি?\r\n\r\nহ্যাঁ। সত্যি। নুরিগা আমার দিকে তাকিয়ে নরম গলায় বলল, তোমাকে ধনবাদ। ত্রাতুল। এই একটি কথা কারো মুখ থেকে শোনা খুব প্রয়োজন ছিল।\r\n\r\nধন্যবাদ।\r\n\r\nনুরিগা এবারে ঘুরে রিয়ার দিকে তাকাল, তারপর শোনা যায় না এরকম গলায় বলল, রিয়া আমি দুঃখিত যে তোমাকে আমি খুন করতে চেয়েছিলাম।\r\n\r\nরিয়া হেসে ফেলল, আমার মনে হয় কিছু একটা করতে চাওয়া আর কিছু একটা করার মাঝে অনেক বড় পার্থক্য। আমি নাকি পৃথিবীর সবচেয়ে ভালো মানুষ, কিন্তু আমার মাথায় কী চিন্তা আসে এবং আমি কী কী বিদঘুঁটে কাজ করতে চাই শুনলে তুমি অবাক হয়ে যাবে।\r\n\r\nনুরিগা অনেকটা আপনমনে বিড়বিড় করে বলল, আমি একটা জিনিস বুঝতে পারছি। আমাকে সব সময় বলা হয়েছে আমি খারাপ–আমাকে জঘন্য অপরাধ করতে হবে। কিন্তু এখন দেখছি সেটা সত্যি নয়। তোমাদের সাহায্য করব চিন্তা করেই আমার ভালো লাগছে। অন্য রকম একটা ভালো লাগার অনুভূতি!\r\n\r\nহ্যাঁ। রিয়া মাথা নাড়ল, বলল, আমার মনে হয় এটাই হচ্ছে মানুষের বেঁচে থাকার গোপন কথা। অন্যের জন্যে কিছু একটা করা।\r\n\r\n.\r\n\r\nনেটওয়ার্ক কেন্দ্রে আমরা যখন পৌঁছেছি তখন বেশ বেলা হয়ে গেছে। পুরো এলাকাটির মাঝে এক ধরনের শান্ত এবং কোমল ভাব রয়েছে কিন্তু ঠিক কী কারণ জানি না, আজকে তার মাঝেও আমি এক ধরনের অস্থিরতা খুঁজে পেতে ক্ষ করেছি। কেন্দ্রের দরজায় আমি কোনো ধরনের নিরাপত্তা ব্যবস্থার আশঙ্কা করেছিলাম কিন্তু দেখা গেল সেরকম কিছু নেই। আমরা গেট খুলে ভেতরে ঢুকে গেলাম। লম্বা করিডর ধরে হেঁটে একটা প্রশস্ত ঘরের সামনে দাঁড়িয়ে নুরিগা বলল, এই যে, এখান থেকে আমাকে যেতে দিয়েছে।\r\n\r\nআমারও ঘরটির কথা মনে পড়ল, এখানেই আমার মস্তিষ্ক ম্যাপিং হয়েছিল। নুরিগা ধাক্কা দিয়ে দরজা খুলে দিতেই ভেতরের মানুষেরা ঘুরে আমাদের দিকে তাকাল, তাদের মুখে এক ধরনের বিষয়। আমি মানুষগুলোকে চিনতে পারলাম, এরা আমার মস্তিষ্ক ম্যাপিং করেছিল। লাল চুলের শিরান নামের মানুষটি বলল, তোমরা? তোমরা এখানে কেন এসেছ?\r\n\r\nআমি একটু এগিয়ে গিয়ে বললাম, বলছি কেন এসেছি। কিন্তু আমার কেন জানি মনে হচ্ছে আমাদের হাতে সময় খুব বেশি নেই। তাই কোনো ভূমিকা না করে আমরা সোজাসুজি কাজের কথায় চলে আসি।\r\n\r\nশিরান, রিকি বা ক্লিশা কেউ কোনো কথা বলল না, এক ধরনের স্থির চোখে আমাদের দিকে তাকিয়ে রইল। আমি একটা নিশ্বাস নিয়ে বললাম, আমরা জানি এটা পরাবাস্তব জগৎ–এখানে আমরা সবাই কৃত্রিম, সবাই কোনো যন্ত্রের তথ্য। আমরা তথ্য হিসেবে থাকতে চাইছি না, আমাদের প্রকৃত অস্তিত্বের সাথে মিলিত হতে চাইছি। তাই আমরা সত্যিকার পৃথিবীর সাথে যোগাযোগ করতে এসেছি।\r\n\r\nমানুষ তিনজন অবাক হয়ে আমাদের দিকে তাকিয়ে রইল, রিকি মাথা নেড়ে বলল, তোমরা কী বলছ আমি কিছু বুঝতে পারছি না।\r\n\r\nআমি হেসে বললাম, তোমার কথা আমার কাছে খুব বিশ্বাসযোগ্য মনে হচ্ছে না।\r\n\r\nনুরিগা হঠাৎ দুই পা এগিয়ে এসে বলল, এরা সোজা কথা বুঝতে চায় না। আচ্ছা মতন রগড়ানি দিতে হবে। আমার চাইতে ভালো রগড়ানি কেউ দিতে পারে বলে মনে হয় না।\r\n\r\nনুরিগা সত্যি সত্যি কিছু একটা করে ফেলে কি না সেটি নিয়ে আমি আতঙ্কিত হয়ে উঠে তাকে থামানোর চেষ্টা করে বললাম, মাথা গরম করো না নুরিগা, কথা বলে দেখা যাক।\r\n\r\nনুরিগা তার অস্ত্রটি ঝাঁকুনি দিয়ে বলল, তিনজনের একজনকে খুন করে ফেলি তা হলে অন্য দুটো সোজা হয়ে যাবে।\r\n\r\nনা না আগেই খুন করতে যেও না।\r\n\r\nঠিক আছে খুন না করতে পারি, কিন্তু রক্তের রঙটা তো পরীক্ষা করে দেখতে পারি বলে কিছু করার আগেই নুরিগা সামনে এগিয়ে হাতের উল্টোপিঠ দিয়ে রিকির মুখে এত জোরে আঘাত করল যে সে এক কোনায় ছিটকে গিয়ে পড়ল। ঠোঁটের পাশে কেটে রক্ত বের হয়ে এল এবং হাত দিয়ে সেই রক্ত মুছে রিকি হতচকিতের মতো আমাদের দিকে তাকিয়ে রইল।\r\n\r\nনুরিগা হিংস্র গলায় বলল, লাল, এই বদমাইশটার রক্ত লাল।\r\n\r\nক্লিশা ফ্যাকাসে মুখে বলল, তোমরা ঠিক বুঝতে পারছ না। এই পরাবাস্তব জগতের নিয়ন্ত্রণে আমাদের কোনো হাত নেই। আমরা সত্যিকার জগতে যোগাযোগ করতে পারি না।\r\n\r\nআছে। আমি কঠিন মুখে বললাম, আমি গোপনে সাধারণ যন্ত্রপাতি ব্যবহার করেই বাইরের পৃথিবীতে যোগাযোগ করেছি। তোমরা নিশ্চয়ই পার।\r\n\r\nপারি না। ক্লিশার কথা শেষ হবার আগেই নুরিপা তাকে আঘাত করে বসে এবং ক্লিশা ছিটকে গিয়ে দেওয়ালে আছড়ে পড়ল।\r\n\r\nকী করছ তুমি নুরিগা– বলে রিয়া ক্লিশার কাছে ছুটে যায় এবং তাকে কোনোভাবে টেনে তুলে দাঁড় করিয়ে দেয়। বেকায়দা আঘাত লেগে তার নাক থেকে দরদর করে রক্ত পড়ছে।\r\n\r\nনুরিগা হিংস্র চোখে সবার দিকে তাকিয়ে বলল, আমি পৃথিবীর সবচেয়ে খারাপ মানুষ, মানুষের সাথে ভালো ব্যবহার কী করে করতে হয় আমি জানি না। আমাকে যেটা শেখানো হয়েছে সেটাই করছি।\r\n\r\nরিয়া মাথা নেড়ে বলল, না নুরিগা, তুমি এটা করতে পার না। মানুষকে আঘাত করতে হয় না।\r\n\r\nআমি দুঃখিত রিয়া। কিন্তু আমি নিজেকে নিয়ন্ত্রণ করতে পারি না। তা ছাড়া তোমরাই বলেছ এটা পরাবাস্তব জগৎ। এখানে আমরা সবাই নকল। সবাই কৃত্রিম। সবাই কিছু তথ্য।\r\n\r\nকিন্তু আমাদের অনুভূতিটি সত্যি।\r\n\r\nআমি একমাত্র অক্ষত মানুষ শিরানের কাছে এগিয়ে গিয়ে বললাম, দেখো শিরান তুমি মনে হয় ব্যাপারটির গুরুত্ব বুঝতে পারছ না।\r\n\r\nবুঝতে পারছি। কিন্তু আমাদের কিছু বলার নেই।\r\n\r\nআমি কঠিন গলায় বললাম, এই শেষবার তোমাকে বলছি, তুমি আমাদের বাইরে যোগাযোগের ব্যবস্থা করে দাও।\r\n\r\nআমরা পারব না।\r\n\r\nআমি একটা নিশ্বাস ফেলে বললাম, নুরিগা, তুমি এদেরকে একটু চোখে চোখে রাখ, আমি দেখি কী করতে পারি।\r\n\r\nশিরান ভয়ার্ত গলায় বলল, তুমি কী করতে চাও?\r\n\r\nএই রাবাস্তব জগতের সাথে পৃথিবীর একটা যোগসূত্র আছে। সেটা খুঁজে বের করে নষ্ট করতে চাই।\r\n\r\nশিরান চমকে উঠল, বলল, অসম্ভব।\r\n\r\nমোটেও অসম্ভব নয়। আমাকে তোমরা মোটেও গুরুত্ব দাও নি–কিন্তু এসব কাজ আমি খুব ভালো পারি। আমি পুরো পরাবাস্তব জগতের সব তথ্য ওলটপালট করে দেব। তোমাদের এতদিনের কাজ, গবেষণা এক সেকেন্ডে আবর্জনা হয়ে যাবে।\r\n\r\nশিরান এবং তার সাথে অন্য দুজন তীক্ষ্ণ চোখে আমার দিকে তাকিয়ে রইল। আমি ঘরের চতুষ্কোণ মডিউলটির উপর উঠে ভেতরে উঁকি দিলাম। অনেকগুলো প্রি–প্রসেসরের পাশে বড় বড় হিটশিল্ড লাগানো কিছু প্রসেসর। হোট ঘোট ক্রিস্টাল বসানো আছে দেখে বোঝা যায় অবলাল রশ্মি ভেতর দিয়ে ছোটাছুটি করছে, আমি টেবিল থেকে একটা স্কু ড্রাইভার নিয়ে দুটো ক্রিস্টালের মাঝে রাখতেই ভ্রু ড্রাইভারটি ভস্মীভূত হয়ে গেল, সাথে সাথে মুহূর্তের জন্যে চারদিক অন্ধকার হয়ে যায়, দূরে কোথাও একটা ভয়াবহ বিস্ফোরণের শব্দ শোনা গেল!\r\n\r\nশিরান আমার দিকে ছুটে এসে বলল, কী করছ আহাম্মকের মতো? কী করছ তুমি?\r\n\r\nআমি মুখে মধুর হাসি ফুটিয়ে বললাম, দেখতেই পারছ কী করছি। চেষ্টাচরিত্র করে পরাবাস্তব জগৎটা উড়িয়ে দিতে চাইছি!\r\n\r\nতোমার কি মাথা খারাপ হয়েছে?\r\n\r\nনা, হয় নি। খুব ঠাণ্ডা মাথায় কাজ করছি। তোমরা যদি আমার কথা না শোন এবারে আমি বড় প্রসেসরটা টেনে তুলে ফেলব, আমার হাতটা হয়তো কাবাবের মতো ঝলসে যাবে কিন্তু পরাবাস্তব জগতের কোন অংশটা ধ্বংস হবে বলো দেখি?\r\n\r\nশিরান পেছন থেকে আমাকে জাপটে ধরে বলল, না, তুমি এটা করবে না। খবরদার ভয়ংকর ব্যাপার ঘটে যেতে পারে। এত ভয়ংকর যেটা তুমি চিন্তাও করতে পারবে না\r\n\r\nকেন? কী হয়েছিল?\r\n\r\nএকবার শরীরের অর্ধেক অংশ উড়ে গেল, সব মানুষের অন্য অর্ধেক ঠিক আছে। ব্যাপারটা চিন্তা করেই শিরান শিউরে ওঠে।\r\n\r\nআমি সেরকম কিছু করতে চাই না। কাজেই বাইরের পৃথিবীর সাথে যোগাযোগের একটা ব্যবস্থা করে দাও। তাড়াতাড়ি।\r\n\r\nশিরান তার লাল চুলে আঙুল দিয়ে কী ভাবল খানিকক্ষণ, তারপর এগিয়ে দেওয়ালের সাথে লাগানো কেবিনেটটি খুলে চতুষ্কোণ একটা ধাতব বাক্স নিয়ে আসে। আমার হাতের দিকে এগিয়ে দিয়ে বলল, সাড়ে তেরো টেরা হার্টজে সেট করে নিলে যোগাযোগ করতে পারবে।\r\n\r\nচমৎকার! আমি যোগাযোগ মডিউলটা হাতে নিয়ে বললাম, এটা কি দ্বিপক্ষীয়?\r\n\r\nনা শিরান গোমড়া মুখে বলল, শুধু তথ্য পাঠাতে পারবে। তথ্য ফিরে আসবে না।\r\n\r\nএর সাথে কি ট্র্যাকিং ডিভাইস আছে?\r\n\r\nঅবিশ্যি আছে, সব সময় থাকে। নিরাপত্তার একটা ব্যাপার আছে না?\r\n\r\nতার মানে ব্যবহার করতে গিয়ে আমরা মারা পড়তে পারি?\r\n\r\nশিরান কোনো কথা না বলে মাথা নাড়ল।\r\n\r\nআমি একটা নিশ্বাস ফেলে ঘরে সবার দিকে তাকালাম, যে যেখানে ছিল সেখানে দাঁড়িয়ে স্থির চোখে আমার দিকে তাকিয়ে আছে। আমি যুদ্ধজয়ের ভঙ্গি করে বললাম, এখন আমরা বাইরের পৃথিবীতে খবর পাঠাতে পারব। চলো যাই। তবে যাবার আগে আমাদের পরাবাস্তব জগতের আরো কিছু তথ্য দরকার। আমি রক্তাক্ত রিকি এবং ক্লিশার দিকে তাকিয়ে বললাম, তথ্যগুলো কি তোমরা এমনি দেবে নাকি কিছু মারপিট করতে হবে?\r\n\r\nক্লিশা তার হাতের উল্টোপিঠ দিয়ে মুখের রক্ত মুছে ফেলার চেষ্টা করতে করতে বলল, দেওয়ার মতো কোনো তথ্য নেই। সব মিলিয়ে ছয়টা ভিন্ন ভিন্ন স্তর আছে। এক স্তর থেকে অন্য কোনো স্তরে যাওয়া যেত না। কিছু একটা গোলমাল হয়েছে এখন যাওয়া যায়।\r\n\r\nগোলমাল?\r\n\r\nহ্যাঁ, মনে হল প্রোগ্রামিং স্তরে পরিবর্তন করেছে। বেআইনি পরিবর্তন।\r\n\r\nআমি আনন্দে হা–হা করে হেসে বললাম, জিগি! জিগি?\r\n\r\nহ্যাঁ, জিগি নামে আমার একটা বন্ধু আছে, সে হচ্ছে এই ব্যাপারে মহাওস্তাদ। আমি নিশ্চিত আসল ত্রাতুল আসল জিগিকে নিয়ে তোমাদের নেটওয়ার্কে হানা দিয়েছে।\r\n\r\nআমার উচ্ছাসে অন্য কেউ অংশ নিল না। বরং ক্লিশা, রিকি আর শিরান তীক্ষ্ণ চোখে আমার দিকে তাকিয়ে রইল। আমি যোগাযোগ মডিউলটা হাতে নিয়ে বললাম, অন্য ছয়টি স্তরে কেমন করে যাওয়া যায়?\r\n\r\nক্লিশা বলল, সব এক সমতলে চলে এসেছে। এই এলাকাটার পরেই অন্য এলাকা, তোমাদের খুঁজে নিতে হবে।\r\n\r\nতোমাদের কাছে কো–অরডিনেট নেই?\r\n\r\nসার্কুলার কো-অরডিনেট, থাকলেই কী না থাকলেই কী?\r\n\r\nআমি রিয়া এবং নুরিগার দিকে তাকিয়ে বলাম, চলো যাই।\r\n\r\nরিয়া এবং নুরিগা আমার পিছু পিছু ঘর থেকে বের হয়ে এল। আমরা যখন করিডরে পৌঁছেছি ঠিক তখন নুরিগা হঠাৎ করে দাঁড়িয়ে বলল, তোমরা একটু দাঁড়াও, আমি আসছি।\r\n\r\nকোথা থেকে আসছ? আমার প্রশ্নের উত্তর না দিয়েই সে প্রশস্ত ঘরটিতে ফিরে গেল, সেখানে প্রথমে একটু হটোপুটি তারপর শিরানের কাতর আর্তনাদ শুনতে পেলাম। প্রায় সাথে সাথেই নুরিগা ফিরে এসে বলল, শিরানের রক্তও লাল। বেশ লাল।\r\n\r\nরিয়া হাল ছেড়ে দেবার ভঙ্গি করে মাথা নাড়ল। এটি কৌতুককর কোনো ব্যাপার নয়, সত্যি কথা বলতে কী বেশ নৃশংস একটি ব্যাপার, তারপরও আমি হাসি আটকে রাখতে পারলাম না।', 'তারিকুল ইসলাম', '2023-04-17 15:21:50', 'aaaaaa.jpg', 'published', 'ছোট, রুপকথা, বিজ্ঞান', 0, 1);

-- --------------------------------------------------------

--
-- Table structure for table `users`
--

CREATE TABLE `users` (
  `user_id` int(11) NOT NULL,
  `username` varchar(255) NOT NULL,
  `user_type` text NOT NULL,
  `user_email` text NOT NULL,
  `user_image` text NOT NULL DEFAULT 'person.svg',
  `token` text NOT NULL,
  `first_name` text NOT NULL,
  `last_name` text NOT NULL,
  `password` varchar(255) NOT NULL,
  `date` int(11) NOT NULL,
  `status` text NOT NULL
) ENGINE=InnoDB DEFAULT CHARSET=utf8 COLLATE=utf8_general_ci;

--
-- Dumping data for table `users`
--

INSERT INTO `users` (`user_id`, `username`, `user_type`, `user_email`, `user_image`, `token`, `first_name`, `last_name`, `password`, `date`, `status`) VALUES
(1, 'Tareq', 'admin', 'adnantareq2@gmail.com', 'person.svg', '', 'তারিকুল', 'ইসলাম', '123', 0, 'active'),
(2, 'হাসান', 'user', '', '', '', 'হাসান', 'খান', '123', 2147483647, 'rejected'),
(4, 'hasan', 'user', 'hasan@gmail.com', 'cover.jpg', '', 'হাসান ', 'খান', '123', 2147483647, 'active');

--
-- Indexes for dumped tables
--

--
-- Indexes for table `category`
--
ALTER TABLE `category`
  ADD PRIMARY KEY (`cat_id`);

--
-- Indexes for table `comments`
--
ALTER TABLE `comments`
  ADD PRIMARY KEY (`comment_id`);

--
-- Indexes for table `posts`
--
ALTER TABLE `posts`
  ADD PRIMARY KEY (`post_id`);

--
-- Indexes for table `users`
--
ALTER TABLE `users`
  ADD PRIMARY KEY (`user_id`);

--
-- AUTO_INCREMENT for dumped tables
--

--
-- AUTO_INCREMENT for table `category`
--
ALTER TABLE `category`
  MODIFY `cat_id` int(11) NOT NULL AUTO_INCREMENT, AUTO_INCREMENT=3;

--
-- AUTO_INCREMENT for table `comments`
--
ALTER TABLE `comments`
  MODIFY `comment_id` int(11) NOT NULL AUTO_INCREMENT, AUTO_INCREMENT=10;

--
-- AUTO_INCREMENT for table `posts`
--
ALTER TABLE `posts`
  MODIFY `post_id` int(11) NOT NULL AUTO_INCREMENT, AUTO_INCREMENT=31;

--
-- AUTO_INCREMENT for table `users`
--
ALTER TABLE `users`
  MODIFY `user_id` int(11) NOT NULL AUTO_INCREMENT, AUTO_INCREMENT=5;
COMMIT;

/*!40101 SET CHARACTER_SET_CLIENT=@OLD_CHARACTER_SET_CLIENT */;
/*!40101 SET CHARACTER_SET_RESULTS=@OLD_CHARACTER_SET_RESULTS */;
/*!40101 SET COLLATION_CONNECTION=@OLD_COLLATION_CONNECTION */;
